"id","Time","Cell.1","Cell.2","Cell.3","Cell.4","Cell.5","Cell.6","Cell.7","Cell.8","Cell.9","Cell.10","Cell.11","Cell.12","Cell.13","Cell.14","Cell.15","Cell.16","Cell.17","Cell.18","Cell.19","Cell.20","Cell.21","Cell.22","Cell.23","Cell.24","Cell.25","Cell.26","Cell.27","Cell.28","Cell.29","Cell.30","Cell.31","Cell.32"
"Cdc42_S1P",0,1.003517,1.001549,0.9810209,0.986904,1.004199,1.004937,1.0042,1.001421,1.000108,1.000748,1.001506,1.005785,1.011188,1.014723,1.008939,1.003241,1.006872,1.001929,1.000866,NA,NA,NA,NA,NA,NA,NA,NA,NA,NA,NA,NA,NA
"Cdc42_S1P",0.1666667,0.9991689,0.9961631,0.9801265,0.9891608,0.9989283,0.9892894,0.9903881,0.9975485,0.9937496,0.995352,0.9962637,0.9972004,0.9894263,1.004496,1.002604,0.9978889,0.9970717,0.9993551,0.9980562,NA,NA,NA,NA,NA,NA,NA,NA,NA,NA,NA,NA,NA
"Cdc42_S1P",0.3333333,1.001345,1.004644,1.010602,1.012491,0.9953477,1.010482,1.014011,1.001674,1.00035,1.003132,1.001552,0.9942397,0.9921575,1.007361,1.002989,1.000964,0.9984493,0.9968905,0.996683,NA,NA,NA,NA,NA,NA,NA,NA,NA,NA,NA,NA,NA
"Cdc42_S1P",0.5,1.001579,1.004318,1.010689,1.006681,1.002702,1.003176,1.0016,1.000072,1.003508,1.000595,1.001776,1.003522,1.010215,0.9910634,0.994302,0.9942904,0.9932356,1.005905,1.004311,NA,NA,NA,NA,NA,NA,NA,NA,NA,NA,NA,NA,NA
"Cdc42_S1P",0.6666667,0.9943522,0.9933341,1.016822,1.004554,0.9988462,0.9921757,0.9898673,0.9993021,1.002301,1.000192,0.9989264,0.999366,0.9974161,0.9829283,0.9912844,1.003713,1.004556,0.9959676,1.000094,NA,NA,NA,NA,NA,NA,NA,NA,NA,NA,NA,NA,NA
"Cdc42_S1P",0.8333333,1.004624,1.007178,1.014021,1.004258,0.9920673,1.008146,1.00757,0.9985681,1.00138,1.001741,0.9989417,1.002809,1.007035,0.9790479,0.9861535,1.00596,1.00653,1.007057,1.004947,NA,NA,NA,NA,NA,NA,NA,NA,NA,NA,NA,NA,NA
"Cdc42_S1P",1,1.000443,1.002458,1.027202,1.008615,0.9893247,1.009174,1.011224,1.000363,1.004435,1.003669,0.998541,0.9999263,1.001225,0.9800358,0.9840785,1.003667,1.005808,0.9987986,0.9978497,NA,NA,NA,NA,NA,NA,NA,NA,NA,NA,NA,NA,NA
"Cdc42_S1P",1.166667,0.9968996,0.9960636,1.016901,1.005091,0.9899809,0.9912574,0.9950281,1.003729,1.006275,1.005965,1.001087,1.005946,1.007878,0.9917637,0.9964815,1.002034,1.003388,0.9949598,0.9930686,NA,NA,NA,NA,NA,NA,NA,NA,NA,NA,NA,NA,NA
"Cdc42_S1P",1.333333,1.010229,1.005313,1.027051,1.013834,0.9875027,1.014395,1.015013,1.002943,1.002466,1.005503,0.999691,1.011135,1.016964,0.9874356,0.9934517,1.003389,1.005391,1.007319,1.004798,NA,NA,NA,NA,NA,NA,NA,NA,NA,NA,NA,NA,NA
"Cdc42_S1P",1.5,1.005364,0.9971062,1.019896,1.013544,0.9872078,1.005697,1.008506,1.004742,1.007852,1.010009,1.004767,1.000128,0.9932653,0.9907459,0.9950312,0.996653,1.001842,0.9909142,0.9943924,NA,NA,NA,NA,NA,NA,NA,NA,NA,NA,NA,NA,NA
"Cdc42_S1P",1.666667,1.003382,0.9903576,1.023727,1.014274,0.9976116,1.016678,1.00654,0.9983382,0.9996123,1.004652,0.9992133,1.01023,1.00894,0.9929791,0.9978522,0.995156,1.002768,1.011326,1.009424,NA,NA,NA,NA,NA,NA,NA,NA,NA,NA,NA,NA,NA
"Cdc42_S1P",1.833333,1.0102,0.9981672,1.015757,1.014384,0.9943925,1.016697,1.010144,0.9987314,0.9992303,1.004805,0.999886,1.005417,1.003481,0.9936553,0.9996405,1.003302,1.006971,1.016843,1.009595,NA,NA,NA,NA,NA,NA,NA,NA,NA,NA,NA,NA,NA
"Cdc42_S1P",2,1.010517,0.9940639,1.061331,1.052581,0.9989334,1.069849,1.078897,1.015138,1.019576,1.020904,1.013372,1.014327,1.026766,1.034135,1.027137,0.9999792,1.003706,1.037629,1.034043,NA,NA,NA,NA,NA,NA,NA,NA,NA,NA,NA,NA,NA
"Cdc42_S1P",2.166667,1.071965,1.05218,1.169031,1.153867,1.024297,1.119524,1.129541,1.073687,1.070687,1.071681,1.040544,1.057266,1.114249,1.112273,1.08802,1.009683,1.014391,1.066922,1.062937,NA,NA,NA,NA,NA,NA,NA,NA,NA,NA,NA,NA,NA
"Cdc42_S1P",2.333333,1.131878,1.108258,1.176923,1.197352,1.041851,1.150723,1.139203,1.104553,1.081407,1.10283,1.048964,1.072204,1.136723,1.136349,1.108829,1.012091,1.015534,1.067787,1.067833,NA,NA,NA,NA,NA,NA,NA,NA,NA,NA,NA,NA,NA
"Cdc42_S1P",2.5,1.154203,1.127899,1.158042,1.18563,1.030048,1.161533,1.149471,1.102548,1.075843,1.102509,1.049942,1.066595,1.14192,1.142235,1.118407,1.01384,1.022438,1.064194,1.057865,NA,NA,NA,NA,NA,NA,NA,NA,NA,NA,NA,NA,NA
"Cdc42_S1P",2.666667,1.191653,1.167981,1.133008,1.170894,1.019376,1.147546,1.14169,1.098158,1.070334,1.095298,1.040685,1.046963,1.113705,1.135846,1.121253,1.023433,1.037203,1.044876,1.034922,NA,NA,NA,NA,NA,NA,NA,NA,NA,NA,NA,NA,NA
"Cdc42_S1P",2.833333,1.1963,1.176143,1.089268,1.128782,1.000059,1.132376,1.125881,1.080183,1.05071,1.082234,1.025953,1.034807,1.113164,1.108033,1.10534,1.034367,1.060696,1.041212,1.028238,NA,NA,NA,NA,NA,NA,NA,NA,NA,NA,NA,NA,NA
"Cdc42_S1P",3,1.214383,1.198892,1.085522,1.118325,0.9918364,1.11126,1.108454,1.068026,1.033601,1.068696,1.009268,1.02357,1.114279,1.111103,1.111424,1.058126,1.079324,1.027142,1.010683,NA,NA,NA,NA,NA,NA,NA,NA,NA,NA,NA,NA,NA
"Cdc42_S1P",3.166667,1.236062,1.226358,1.074406,1.109018,0.9879398,1.101203,1.093371,1.060668,1.028402,1.064736,1.000532,1.020465,1.104354,1.109565,1.11548,1.047686,1.069274,1.011205,0.9962031,NA,NA,NA,NA,NA,NA,NA,NA,NA,NA,NA,NA,NA
"Cdc42_S1P",3.333333,1.25193,1.245035,1.059631,1.099581,0.9818735,1.090687,1.07725,1.071339,1.031457,1.074442,1.002513,1.009561,1.08335,1.10018,1.115719,1.040278,1.059618,1.011041,0.9982739,NA,NA,NA,NA,NA,NA,NA,NA,NA,NA,NA,NA,NA
"Cdc42_S1P",3.5,1.266294,1.261338,1.045832,1.089467,0.9817998,1.037673,1.023139,1.07729,1.036373,1.080841,1.007535,1.008203,1.07753,1.107061,1.134287,1.034726,1.048515,1.002907,1.000421,NA,NA,NA,NA,NA,NA,NA,NA,NA,NA,NA,NA,NA
"Cdc42_S1P",3.666667,1.2762,1.268965,1.040712,1.07257,0.9898524,1.039673,1.02888,1.089851,1.045019,1.086166,1.017716,0.9995766,1.055141,1.114163,1.144823,1.027079,1.042169,0.9973862,1.00569,NA,NA,NA,NA,NA,NA,NA,NA,NA,NA,NA,NA,NA
"Cdc42_S1P",3.833333,1.287362,1.282849,1.047905,1.086004,1.000385,1.03141,1.006011,1.095518,1.048235,1.087612,1.027116,0.9916965,1.04163,1.128539,1.15918,1.033196,1.044742,0.9897037,1.004269,NA,NA,NA,NA,NA,NA,NA,NA,NA,NA,NA,NA,NA
"Cdc42_S1P",4,1.297668,1.296211,1.045357,1.083229,1.003846,1.008377,0.9874858,1.111735,1.065364,1.099373,1.046958,0.9885249,1.030984,1.139396,1.163398,1.032091,1.042927,0.9881197,1.010007,NA,NA,NA,NA,NA,NA,NA,NA,NA,NA,NA,NA,NA
"Cdc42_S1P",4.166667,1.300667,1.294537,1.044042,1.07917,1.014827,0.9934927,0.9777901,1.119804,1.066384,1.099683,1.053437,0.988606,1.028319,1.138944,1.162916,1.033178,1.04327,0.9947624,1.018186,NA,NA,NA,NA,NA,NA,NA,NA,NA,NA,NA,NA,NA
"Cdc42_S1P",4.333334,1.290789,1.278446,1.048153,1.079533,1.027962,0.9952123,0.9813895,1.118731,1.06474,1.094807,1.053991,0.9891913,1.025432,1.134588,1.159031,1.033286,1.045162,0.9995714,1.023012,NA,NA,NA,NA,NA,NA,NA,NA,NA,NA,NA,NA,NA
"Cdc42_S1P",4.5,1.290077,1.267904,1.048955,1.07348,1.039193,0.9864271,0.9771656,1.121074,1.071196,1.096187,1.057826,0.9983071,1.040496,1.140736,1.160103,1.045068,1.048514,1.000532,1.025026,NA,NA,NA,NA,NA,NA,NA,NA,NA,NA,NA,NA,NA
"Cdc42_S1P",4.666667,1.286375,1.255123,1.052843,1.07238,1.043173,0.9996073,0.9890109,1.125562,1.073375,1.095545,1.058849,0.9909235,1.026939,1.136992,1.147777,1.059224,1.060566,1.006307,1.028002,NA,NA,NA,NA,NA,NA,NA,NA,NA,NA,NA,NA,NA
"Cdc42_S1P",4.833334,1.280827,1.24184,1.069537,1.088353,1.038783,1.005401,0.9962947,1.115411,1.065648,1.089215,1.054114,0.9934142,1.018529,1.134184,1.137607,1.06501,1.07332,1.012844,1.042391,NA,NA,NA,NA,NA,NA,NA,NA,NA,NA,NA,NA,NA
"Cdc42_S1P",5,1.252595,1.21552,1.055352,1.075766,1.048221,1.005088,0.9955457,1.113556,1.067865,1.088405,1.056359,0.9921352,1.022911,1.122094,1.122251,1.058267,1.06506,0.9977744,1.026823,NA,NA,NA,NA,NA,NA,NA,NA,NA,NA,NA,NA,NA
"Cdc42_S1P",5.166667,1.256551,1.208961,1.044764,1.066366,1.043226,1.012315,1.002587,1.109008,1.061525,1.084382,1.056158,0.992967,1.023772,1.110384,1.110892,1.061532,1.066901,1.00783,1.041307,NA,NA,NA,NA,NA,NA,NA,NA,NA,NA,NA,NA,NA
"Cdc42_S1P",5.333334,1.241427,1.186305,1.052716,1.074873,1.044446,1.018515,1.011931,1.106619,1.060159,1.082803,1.057298,0.9942074,1.02352,1.099404,1.095434,1.055355,1.058423,1.001436,1.03462,NA,NA,NA,NA,NA,NA,NA,NA,NA,NA,NA,NA,NA
"Cdc42_S1P",5.5,1.241923,1.182182,1.052357,1.07922,1.046257,1.007479,0.999348,1.09298,1.045915,1.076195,1.048874,0.9940481,1.025277,1.078354,1.074875,1.070885,1.071373,1.010578,1.046683,NA,NA,NA,NA,NA,NA,NA,NA,NA,NA,NA,NA,NA
"Cdc42_S1P",5.666667,1.229193,1.172931,1.039305,1.08226,1.049418,1.001307,0.995791,1.092384,1.048765,1.077363,1.053233,0.9942018,1.026161,1.067077,1.067711,1.067197,1.065473,1.010921,1.046689,NA,NA,NA,NA,NA,NA,NA,NA,NA,NA,NA,NA,NA
"Cdc42_S1P",5.833334,1.207258,1.148399,1.023427,1.068731,1.046781,0.9931346,0.9904429,1.080171,1.03513,1.071498,1.047039,0.9932926,1.018325,1.04906,1.048886,1.068789,1.06585,1.006282,1.039429,NA,NA,NA,NA,NA,NA,NA,NA,NA,NA,NA,NA,NA
"Cdc42_S1P",6,1.197422,1.132802,1.04082,1.07995,1.040351,0.9947036,0.9914044,1.086568,1.041812,1.069439,1.050427,0.9901616,1.009138,1.040469,1.042291,1.072398,1.068368,1.008057,1.042772,NA,NA,NA,NA,NA,NA,NA,NA,NA,NA,NA,NA,NA
"Cdc42_S1P",6.166667,1.180837,1.120413,1.029448,1.072166,1.03736,0.9941696,0.9881342,1.068981,1.025692,1.06135,1.039274,0.9922932,1.014145,1.030615,1.039448,1.066535,1.068912,1.002777,1.041907,NA,NA,NA,NA,NA,NA,NA,NA,NA,NA,NA,NA,NA
"Cdc42_S1P",6.333334,1.169445,1.114883,1.019487,1.065051,1.035953,1.008306,1.001676,1.068281,1.02844,1.062128,1.040822,0.991212,1.008507,1.023351,1.034683,1.065855,1.075791,1.013046,1.048341,NA,NA,NA,NA,NA,NA,NA,NA,NA,NA,NA,NA,NA
"Cdc42_S1P",6.5,1.160868,1.108739,1.021847,1.066208,1.03729,0.9987996,0.9863641,1.066927,1.027852,1.056347,1.036135,0.9864355,1.004712,1.025423,1.036783,1.055787,1.056814,1.015615,1.050236,NA,NA,NA,NA,NA,NA,NA,NA,NA,NA,NA,NA,NA
"Cdc42_S1P",6.666667,1.142305,1.099636,1.012966,1.048126,1.038081,1.012234,0.9999998,1.064134,1.025255,1.054538,1.033476,0.9950754,1.020126,1.022075,1.036738,1.054265,1.057196,1.028042,1.056671,NA,NA,NA,NA,NA,NA,NA,NA,NA,NA,NA,NA,NA
"Cdc42_S1P",6.833334,1.130332,1.089056,1.01342,1.051973,1.035516,1.002124,0.9921337,1.068472,1.032173,1.061464,1.033813,0.9853891,1.005935,1.023361,1.042633,1.058143,1.055754,1.018732,1.052938,NA,NA,NA,NA,NA,NA,NA,NA,NA,NA,NA,NA,NA
"Cdc42_S1P",7,1.126156,1.08726,1.01012,1.051623,1.040919,0.9883848,0.9770142,1.066859,1.030873,1.055935,1.031896,0.9884154,1.0132,1.017306,1.03675,1.063335,1.055844,1.024119,1.06476,NA,NA,NA,NA,NA,NA,NA,NA,NA,NA,NA,NA,NA
"Cdc42_S1P",7.166667,1.110123,1.075778,1.012652,1.047079,1.036327,1.01285,0.9995509,1.064337,1.024606,1.053119,1.026563,0.9875685,1.018229,1.023647,1.043608,1.06441,1.052961,1.016602,1.050412,NA,NA,NA,NA,NA,NA,NA,NA,NA,NA,NA,NA,NA
"Cdc42_S1P",7.333334,1.106088,1.07121,1.010117,1.039315,1.029818,1.003776,0.9883764,1.061378,1.029782,1.056587,1.02998,0.9883872,1.022473,1.032639,1.04925,1.053747,1.045093,1.01577,1.047844,NA,NA,NA,NA,NA,NA,NA,NA,NA,NA,NA,NA,NA
"Cdc42_S1P",7.5,1.102681,1.071347,0.9906253,1.026339,1.02904,0.9972451,0.984679,1.065305,1.030363,1.0606,1.034953,0.9846198,1.012251,1.029995,1.05258,1.044373,1.046213,1.015435,1.051734,NA,NA,NA,NA,NA,NA,NA,NA,NA,NA,NA,NA,NA
"Cdc42_S1P",7.666667,1.100049,1.071351,1.005715,1.04146,1.03611,1.015904,0.9998151,1.050069,1.021064,1.046862,1.023669,0.9846974,1.011973,1.031534,1.056768,1.043538,1.054393,1.018445,1.050488,NA,NA,NA,NA,NA,NA,NA,NA,NA,NA,NA,NA,NA
"Cdc42_S1P",7.833334,1.095144,1.069092,0.9988315,1.038807,1.037708,1.017164,0.9933459,1.050366,1.022231,1.053464,1.026622,0.9847909,1.010418,1.027308,1.058151,1.040307,1.056546,1.018931,1.04919,NA,NA,NA,NA,NA,NA,NA,NA,NA,NA,NA,NA,NA
"Cdc42_S1P",8,1.0801,1.061891,0.999813,1.034778,1.037118,1.015389,0.9929683,1.062284,1.035948,1.058214,1.033649,0.9789715,0.9993532,1.035282,1.062698,1.043201,1.058229,1.01809,1.046551,NA,NA,NA,NA,NA,NA,NA,NA,NA,NA,NA,NA,NA
"Cdc42_S1P",8.166667,1.076794,1.062466,1.002039,1.038654,1.04237,1.008921,0.9816393,1.049897,1.0251,1.051532,1.024937,0.9811237,0.997826,1.040508,1.069109,1.040359,1.056349,1.011914,1.040575,NA,NA,NA,NA,NA,NA,NA,NA,NA,NA,NA,NA,NA
"Cdc42_S1P",8.333333,1.078689,1.064645,0.9958383,1.030406,1.041435,1.003903,0.9747859,1.049088,1.024159,1.048899,1.022342,0.9777964,0.9993376,1.043623,1.077277,1.041269,1.053192,1.022898,1.059055,NA,NA,NA,NA,NA,NA,NA,NA,NA,NA,NA,NA,NA
"Cdc42_S1P",8.5,1.070274,1.056156,0.9947128,1.038184,1.034636,1.002752,0.9793097,1.045043,1.018265,1.045271,1.018172,0.9763754,0.9934787,1.038742,1.070375,1.047281,1.056944,1.017223,1.048639,NA,NA,NA,NA,NA,NA,NA,NA,NA,NA,NA,NA,NA
"Cdc42_S1P",8.666667,1.064395,1.049858,0.9864715,1.033809,1.02869,1.000532,0.9746791,1.051301,1.022758,1.049673,1.022594,0.9720191,0.9923983,1.032914,1.072254,1.048513,1.052123,1.011007,1.044823,NA,NA,NA,NA,NA,NA,NA,NA,NA,NA,NA,NA,NA
"Cdc42_S1P",8.833333,1.061506,1.045906,0.9952988,1.036521,1.0246,1.006393,0.9785488,1.044855,1.018438,1.048124,1.018899,0.9790976,1.002233,1.033378,1.079092,1.039596,1.042629,1.011259,1.041166,NA,NA,NA,NA,NA,NA,NA,NA,NA,NA,NA,NA,NA
"Cdc42_S1P",9,1.062833,1.043213,0.9871339,1.023386,1.023884,1.005662,0.9813604,1.041685,1.017992,1.042995,1.017207,0.9755322,0.9940576,1.036913,1.083217,1.048665,1.050293,1.018498,1.046746,NA,NA,NA,NA,NA,NA,NA,NA,NA,NA,NA,NA,NA
"Cdc42_S1P",9.166667,1.07123,1.049086,1.009756,1.043353,1.022987,1.014292,0.9869462,1.043578,1.015004,1.048063,1.021223,0.9693741,0.9948511,1.037118,1.08849,1.039449,1.04582,1.006944,1.03319,NA,NA,NA,NA,NA,NA,NA,NA,NA,NA,NA,NA,NA
"Cdc42_S1P",9.333333,1.071947,1.050883,0.9976441,1.027499,1.016708,0.9819578,0.9606347,1.037415,1.01041,1.040656,1.016805,0.9712551,0.9866572,1.028248,1.081542,1.030303,1.037624,1.003278,1.025236,NA,NA,NA,NA,NA,NA,NA,NA,NA,NA,NA,NA,NA
"Cdc42_S1P",9.5,1.074201,1.050945,0.9976797,1.025601,1.029879,0.9907578,0.9626562,1.034403,1.010178,1.043349,1.016033,0.972518,0.9924256,1.040335,1.092607,1.039272,1.040783,1.01359,1.041663,NA,NA,NA,NA,NA,NA,NA,NA,NA,NA,NA,NA,NA
"Cdc42_S1P",9.666667,1.071108,1.052319,0.98891,1.020596,1.021478,1.002815,0.975695,1.036899,1.008099,1.043678,1.016811,0.9657441,0.9835647,1.034287,1.089048,1.037806,1.035481,1.011719,1.035884,NA,NA,NA,NA,NA,NA,NA,NA,NA,NA,NA,NA,NA
"Cdc42_S1P",9.833333,1.080586,1.061058,0.9711913,1.009913,1.024895,1.007524,0.9863348,1.03515,1.005477,1.040106,1.013956,0.9701488,0.9909923,1.035546,1.091829,1.039477,1.036981,0.9997716,1.024955,NA,NA,NA,NA,NA,NA,NA,NA,NA,NA,NA,NA,NA
"Cdc42_S1P",10,1.076343,1.056756,0.9879467,1.025219,1.026673,1.007148,0.9853424,1.031561,0.9992422,1.03641,1.011082,0.9627835,0.9811584,1.033909,1.094858,1.033942,1.029,1.001575,1.026505,NA,NA,NA,NA,NA,NA,NA,NA,NA,NA,NA,NA,NA
"Cdc42_S1P",10.16667,1.080635,1.061031,0.9737521,1.019428,1.030357,0.9986944,0.9752734,1.031572,0.9992162,1.036396,1.010197,0.9698278,0.9851286,1.040726,1.097011,1.035879,1.030105,1.008723,1.036891,NA,NA,NA,NA,NA,NA,NA,NA,NA,NA,NA,NA,NA
"Cdc42_S1P",10.33333,1.079026,1.06232,0.9688999,1.015188,1.023789,0.9696675,0.9425919,1.031152,0.9985556,1.037012,1.01227,0.9685036,0.9919242,1.048988,1.103493,1.030942,1.0291,1.010621,1.033426,NA,NA,NA,NA,NA,NA,NA,NA,NA,NA,NA,NA,NA
"Cdc42_S1P",10.5,1.070015,1.054723,0.9675301,1.008038,1.02219,0.9951237,0.9655151,1.02714,0.9933702,1.035163,1.00916,0.9645867,0.9878927,1.038904,1.0943,1.02604,1.027278,1.009222,1.032755,NA,NA,NA,NA,NA,NA,NA,NA,NA,NA,NA,NA,NA
"Cdc42_S1P",10.66667,1.078096,1.063018,0.9797635,1.028467,1.018639,0.9787844,0.9501899,1.034065,1.000379,1.03654,1.015003,0.969169,0.9943055,1.04731,1.098309,1.015884,1.028486,1.010217,1.028113,NA,NA,NA,NA,NA,NA,NA,NA,NA,NA,NA,NA,NA
"Cdc42_S1P",10.83333,1.089696,1.072283,0.9861507,1.02731,1.014026,0.9871237,0.9647565,1.030461,0.9994032,1.038675,1.015245,0.9667646,0.9937878,1.040495,1.085207,1.016554,1.027987,1.005082,1.024996,NA,NA,NA,NA,NA,NA,NA,NA,NA,NA,NA,NA,NA
"Cdc42_S1P",11,1.077557,1.064274,0.9729722,1.017253,1.014982,0.9928935,0.9696906,1.026511,0.9930403,1.037304,1.014017,0.9672805,0.9915837,1.040032,1.079684,1.028582,1.030881,1.008937,1.032368,NA,NA,NA,NA,NA,NA,NA,NA,NA,NA,NA,NA,NA
"Cdc42_S1P",11.16667,1.084299,1.069221,0.9773104,1.016368,1.014136,0.9870799,0.9638227,1.022887,0.9908282,1.033932,1.011636,0.9716842,1.007438,1.030545,1.070402,1.026976,1.033427,1.006896,1.032026,NA,NA,NA,NA,NA,NA,NA,NA,NA,NA,NA,NA,NA
"Cdc42_S1P",11.33333,1.084363,1.063064,0.9724854,1.024085,1.022422,0.9760734,0.9549806,1.030837,1.000243,1.041208,1.014898,0.9640798,0.9843714,1.035884,1.072008,1.033942,1.034593,1.005579,1.028847,NA,NA,NA,NA,NA,NA,NA,NA,NA,NA,NA,NA,NA
"Cdc42_S1P",11.5,1.092469,1.069405,0.9661639,1.01402,1.019214,0.9808369,0.9582649,1.032972,1.00234,1.040352,1.014997,0.9694122,1.000251,1.026614,1.063808,1.03021,1.026682,0.998909,1.018002,NA,NA,NA,NA,NA,NA,NA,NA,NA,NA,NA,NA,NA
"Cdc42_S1P",11.66667,1.086172,1.058107,0.9778785,1.021041,1.01501,0.9856257,0.9595674,1.031405,1.003483,1.041113,1.014887,0.9707542,1.007187,1.023355,1.063353,1.026754,1.017339,1.017991,1.044023,NA,NA,NA,NA,NA,NA,NA,NA,NA,NA,NA,NA,NA
"Cdc42_S1P",11.83333,1.072208,1.046783,0.9563422,1.000416,1.020907,0.968991,0.9423549,1.020744,0.9975616,1.034883,1.009456,0.9691548,0.9979312,1.018651,1.059009,1.026662,1.021071,1.008031,1.032496,NA,NA,NA,NA,NA,NA,NA,NA,NA,NA,NA,NA,NA
"Cdc42_S1P",12,1.070998,1.052567,0.9743491,1.014411,1.018614,0.9894462,0.9594241,1.026471,1.00414,1.038079,1.015935,0.9687882,0.99567,1.016954,1.058355,1.022165,1.01559,1.00755,1.026544,NA,NA,NA,NA,NA,NA,NA,NA,NA,NA,NA,NA,NA
"Cdc42_S1P",12.16667,1.068741,1.046069,0.9653014,1.006341,1.017116,0.9692423,0.9435097,1.023909,1.001885,1.035475,1.017068,0.9649792,0.9945614,1.012876,1.057572,1.028592,1.022337,1.011704,1.032585,NA,NA,NA,NA,NA,NA,NA,NA,NA,NA,NA,NA,NA
"Cdc42_S1P",12.33333,1.062739,1.040968,0.9628204,1.008291,1.013864,0.980381,0.9548289,1.02398,1.00497,1.035532,1.020818,0.9612794,0.9915804,1.023068,1.063334,1.031331,1.022439,0.9906755,1.013092,NA,NA,NA,NA,NA,NA,NA,NA,NA,NA,NA,NA,NA
"Cdc42_S1P",12.5,1.073089,1.053946,0.9756448,1.018728,1.009733,0.9745769,0.9594543,1.021679,0.9954681,1.02992,1.016238,0.9584038,0.9822565,1.016152,1.055222,1.01927,1.016697,1.008966,1.023087,NA,NA,NA,NA,NA,NA,NA,NA,NA,NA,NA,NA,NA
"Cdc42_S1P",12.66667,1.066113,1.04828,0.9680921,1.012598,1.011117,0.9861994,0.9643616,1.026648,0.9966059,1.034315,1.020564,0.9642056,0.996162,1.024512,1.065723,1.025463,1.021131,1.004534,1.019026,NA,NA,NA,NA,NA,NA,NA,NA,NA,NA,NA,NA,NA
"Cdc42_S1P",12.83333,1.070947,1.048758,0.9743978,1.013526,1.003748,0.9590621,0.948595,1.024838,0.9968503,1.035244,1.020906,0.962181,0.9860097,1.010862,1.058866,1.028735,1.0297,1.002723,1.017784,NA,NA,NA,NA,NA,NA,NA,NA,NA,NA,NA,NA,NA
"Cdc42_S1P",13,1.06508,1.043159,0.970558,1.00754,1.006246,0.966282,0.9461335,1.018724,0.9931535,1.036364,1.018474,0.9633523,0.9936866,1.014911,1.06257,1.029892,1.024822,1.005586,1.022811,NA,NA,NA,NA,NA,NA,NA,NA,NA,NA,NA,NA,NA
"Cdc42_S1P",13.16667,1.070906,1.046158,0.9839105,1.012223,1.000276,0.9687973,0.9496504,1.016248,0.9855874,1.031752,1.01541,0.9598144,0.9964058,1.013889,1.057807,1.027877,1.023842,0.9894474,1.009281,NA,NA,NA,NA,NA,NA,NA,NA,NA,NA,NA,NA,NA
"Cdc42_S1P",13.33333,1.068053,1.037583,0.9613804,0.9900246,1.009753,0.9601592,0.9357062,1.00967,0.9843081,1.028621,1.011632,0.9638248,1.004338,1.018079,1.060689,1.022529,1.019962,1.002086,1.019367,NA,NA,NA,NA,NA,NA,NA,NA,NA,NA,NA,NA,NA
"Cdc42_S1P",13.5,1.07099,1.037989,0.9501757,0.9898285,1.007697,0.9695281,0.9430067,1.011493,0.9867026,1.030771,1.012008,0.9602628,0.9996087,1.011618,1.055523,1.024885,1.0257,0.9942043,1.016978,NA,NA,NA,NA,NA,NA,NA,NA,NA,NA,NA,NA,NA
"Cdc42_S1P",13.66667,1.072547,1.039898,0.963708,0.9959999,1.009399,0.9666769,0.9434942,1.005044,0.9856846,1.028817,1.009748,0.955102,0.981146,1.012301,1.056372,1.030967,1.029112,0.9891393,1.005579,NA,NA,NA,NA,NA,NA,NA,NA,NA,NA,NA,NA,NA
"Cdc42_S1P",13.83333,1.063899,1.03077,0.9720054,1.002117,0.9981655,0.9653352,0.9444788,1.014292,0.9934574,1.035012,1.016557,0.9563397,0.9971392,1.013075,1.051792,1.023075,1.019704,0.9962835,1.014194,NA,NA,NA,NA,NA,NA,NA,NA,NA,NA,NA,NA,NA
"Cdc42_S1P",14,1.065574,1.039587,0.9598347,0.9933438,1.001813,0.9537225,0.9327178,1.008245,0.986721,1.031987,1.0136,0.9533083,0.9852678,1.020272,1.055901,1.033016,1.024555,0.9885832,1.002564,NA,NA,NA,NA,NA,NA,NA,NA,NA,NA,NA,NA,NA
"Cdc42_S1P",14.16667,1.067633,1.040165,0.9612886,0.9900082,1.007394,0.965235,0.9450009,1.015388,0.9929209,1.037359,1.019561,0.959136,0.9923046,1.016622,1.048849,1.029005,1.015186,0.9939211,1.006951,NA,NA,NA,NA,NA,NA,NA,NA,NA,NA,NA,NA,NA
"Cdc42_S1P",14.33333,1.069744,1.040736,0.9656173,0.9928833,0.9979602,0.9450267,0.9241002,1.013576,0.986845,1.034607,1.016174,0.9519274,0.9868176,1.024657,1.059701,1.025756,1.009929,0.9968241,1.015422,NA,NA,NA,NA,NA,NA,NA,NA,NA,NA,NA,NA,NA
"Cdc42_S1P",14.5,1.071913,1.038718,0.9470237,0.9821081,1.005967,0.9761677,0.9482938,1.016594,0.9937921,1.035664,1.018117,0.9572511,1.005438,1.019182,1.057173,1.023566,1.012919,0.9946634,1.012991,NA,NA,NA,NA,NA,NA,NA,NA,NA,NA,NA,NA,NA
"Cdc42_S1P",14.66667,1.078493,1.043134,0.9648662,0.9906958,0.997451,0.9507358,0.9229748,1.015472,0.9894713,1.033568,1.015425,0.9520139,0.9873769,1.020229,1.061792,1.020004,1.009189,0.9886773,1.0132,NA,NA,NA,NA,NA,NA,NA,NA,NA,NA,NA,NA,NA
"Cdc42_S1P",14.83333,1.081336,1.050832,0.9434552,0.9764739,0.9982165,0.9539523,0.9371396,1.016165,0.9875551,1.028267,1.010558,0.9500915,0.9896409,1.024151,1.067452,1.015738,1.008506,0.9883209,1.006631,NA,NA,NA,NA,NA,NA,NA,NA,NA,NA,NA,NA,NA
"Cdc42_S1P",15,1.090738,1.059107,0.9474597,0.9871153,1.006082,0.9440997,0.9232981,1.011998,0.9849822,1.026445,1.010372,0.948956,0.990311,1.011126,1.06203,1.00641,1.000708,0.9906313,1.007433,NA,NA,NA,NA,NA,NA,NA,NA,NA,NA,NA,NA,NA
"Cdc42_S1P",15.16667,1.096681,1.062859,0.9518688,0.9808418,1.003231,0.957133,0.9327088,1.010831,0.9880999,1.024775,1.008958,0.9556039,0.9904796,1.01954,1.066502,1.009214,1.009907,0.9932059,1.011771,NA,NA,NA,NA,NA,NA,NA,NA,NA,NA,NA,NA,NA
"Cdc42_S1P",15.33333,1.096976,1.064171,0.93937,0.9703104,0.9918712,0.9525068,0.9330064,1.008341,0.9844108,1.022467,1.009177,0.950528,0.9836397,1.008971,1.056699,1.02265,1.021135,0.9897315,1.00946,NA,NA,NA,NA,NA,NA,NA,NA,NA,NA,NA,NA,NA
"Cdc42_S1P",15.5,1.090732,1.055099,0.9387203,0.9652726,0.9873503,0.9322377,0.9137449,1.013096,0.9928907,1.025018,1.01428,0.9482554,0.9852929,1.017623,1.061373,1.011821,1.012179,0.9934107,1.014095,NA,NA,NA,NA,NA,NA,NA,NA,NA,NA,NA,NA,NA
"Cdc42_S1P",15.66667,1.087806,1.050415,0.9482122,0.9635976,0.9900023,0.9437984,0.9265751,1.00684,0.9847683,1.021061,1.00871,0.9549063,1.007234,1.000034,1.049016,1.021833,1.020328,0.9875101,1.011221,NA,NA,NA,NA,NA,NA,NA,NA,NA,NA,NA,NA,NA
"Cdc42_S1P",15.83333,1.083862,1.050754,0.9634216,0.9805761,0.9848515,0.9482284,0.9320826,1.008026,0.9853994,1.020176,1.00982,0.9558219,1.00198,0.9960705,1.045246,1.017728,1.00973,0.9935561,1.011533,NA,NA,NA,NA,NA,NA,NA,NA,NA,NA,NA,NA,NA
"Cdc42_S1P",16,1.06571,1.040764,0.9555428,0.9714665,0.9892583,0.9386795,0.9177052,1.003547,0.9809541,1.01827,1.008265,0.953792,0.9954718,0.9867046,1.03775,1.017825,1.011643,0.9989108,1.020901,NA,NA,NA,NA,NA,NA,NA,NA,NA,NA,NA,NA,NA
"Cdc42_S1P",16.16667,1.066257,1.048269,0.9564735,0.9700455,0.9815558,0.9280459,0.9077293,1.010775,0.9877753,1.02396,1.013989,0.9531884,1.00194,0.9891794,1.037039,1.018888,1.010119,0.9855778,1.006865,NA,NA,NA,NA,NA,NA,NA,NA,NA,NA,NA,NA,NA
"Cdc42_S1P",16.33333,1.061022,1.043298,0.9604591,0.9646384,0.9832369,0.9490768,0.92964,1.008982,0.9850803,1.020542,1.014616,0.947441,0.99432,0.9970165,1.040885,1.008937,1.001175,0.9909058,1.018651,NA,NA,NA,NA,NA,NA,NA,NA,NA,NA,NA,NA,NA
"Cdc42_S1P",16.5,1.065131,1.051158,0.9656189,0.9677764,0.9796023,0.9367436,0.9183978,1.006694,0.9807299,1.017856,1.012062,0.9452224,0.986073,0.9893004,1.035005,1.010523,1.003431,0.9852307,1.009884,NA,NA,NA,NA,NA,NA,NA,NA,NA,NA,NA,NA,NA
"Cdc42_S1P",16.66667,1.058488,1.042847,0.960168,0.9626655,0.9802826,0.969491,0.9441348,0.9966725,0.9754767,1.016495,1.008914,0.9458224,0.9902268,0.9865527,1.031216,1.007328,1.001655,0.9924216,1.011562,NA,NA,NA,NA,NA,NA,NA,NA,NA,NA,NA,NA,NA
"Cdc42_S1P",16.83333,1.062653,1.044699,0.9586092,0.9605418,0.9742439,0.9471766,0.9300166,1.002658,0.9803091,1.019137,1.011064,0.9447875,0.9892142,0.9910928,1.036061,1.007012,0.9993644,0.9900896,1.014829,NA,NA,NA,NA,NA,NA,NA,NA,NA,NA,NA,NA,NA
"Cdc42_S1P",17,1.063614,1.040673,0.9625946,0.9676192,0.9714066,0.9293875,0.9111683,1.001231,0.9826738,1.020273,1.013099,0.9393605,0.9728,0.999616,1.040517,1.004658,0.9995623,0.9830787,1.007612,NA,NA,NA,NA,NA,NA,NA,NA,NA,NA,NA,NA,NA
"Cdc42_S1P",17.16667,1.064801,1.038588,0.9548132,0.9596321,0.9758903,0.9506564,0.9305305,0.9963435,0.9782726,1.019442,1.010282,0.942103,0.9820935,1.003334,1.047298,1.010646,1.007821,0.9801893,1.007849,NA,NA,NA,NA,NA,NA,NA,NA,NA,NA,NA,NA,NA
"Cdc42_S1P",17.33333,1.059037,1.033862,0.9398074,0.9506893,0.9776332,0.9480003,0.927154,0.9923828,0.9763226,1.013883,1.009559,0.9445385,0.9812694,0.986784,1.033081,1.008681,1.008148,0.9757427,1.000494,NA,NA,NA,NA,NA,NA,NA,NA,NA,NA,NA,NA,NA
"Cdc42_S1P",17.5,1.058895,1.040813,0.9517087,0.9673638,0.9716401,0.9422647,0.9266335,1.002991,0.9838026,1.01964,1.014094,0.9413728,0.9776796,0.9926872,1.037581,1.012632,1.016919,0.9818474,1.010567,NA,NA,NA,NA,NA,NA,NA,NA,NA,NA,NA,NA,NA
"Cdc42_S1P",17.66667,1.053185,1.032435,0.9507919,0.9699793,0.9799407,0.9499794,0.9281827,1.010772,0.987839,1.023588,1.019814,0.9410778,0.9810193,0.9952687,1.037028,1.004679,1.009682,0.9827218,1.011143,NA,NA,NA,NA,NA,NA,NA,NA,NA,NA,NA,NA,NA
"Cdc42_S1P",17.83333,1.055448,1.035327,0.9481728,0.964731,0.9821767,0.9494936,0.9319479,1.006333,0.9858249,1.022515,1.016856,0.9463138,0.991883,0.9861956,1.030186,1.006217,1.010915,0.9919891,1.019493,NA,NA,NA,NA,NA,NA,NA,NA,NA,NA,NA,NA,NA
"Cdc42_S1P",18,1.052042,1.033814,0.9608906,0.973451,0.9797231,0.9539602,0.9398203,1.000187,0.9763311,1.014509,1.0105,0.9395264,0.9793018,0.9991502,1.040002,1.003613,0.9997125,0.9893721,1.013757,NA,NA,NA,NA,NA,NA,NA,NA,NA,NA,NA,NA,NA
"Cdc42_S1P",18.16667,1.056526,1.033262,0.9518421,0.9641014,0.976158,0.9471023,0.9339575,1.002707,0.9757633,1.015845,1.011689,0.9409731,0.9775079,0.9972636,1.04003,1.009982,1.004901,0.9877943,1.01594,NA,NA,NA,NA,NA,NA,NA,NA,NA,NA,NA,NA,NA
"Cdc42_S1P",18.33333,1.053358,1.026758,0.9511408,0.9679295,0.9778758,0.9491689,0.9356282,1.005196,0.9774273,1.01784,1.01167,0.9367147,0.977529,0.9960941,1.045166,1.003116,0.9908316,0.9925245,1.015747,NA,NA,NA,NA,NA,NA,NA,NA,NA,NA,NA,NA,NA
"Cdc42_S1P",18.5,1.049887,1.025857,0.9466003,0.9650384,0.9693108,0.9531164,0.9389257,1.01025,0.9792784,1.021174,1.009751,0.9457789,0.9900156,0.9932537,1.039972,1.012545,1.005353,0.9832228,1.006281,NA,NA,NA,NA,NA,NA,NA,NA,NA,NA,NA,NA,NA
"Cdc42_S1P",18.66667,1.042292,1.018305,0.9492327,0.9602921,0.9733114,0.961248,0.9415093,1.007453,0.9783621,1.018988,1.006144,0.9339915,0.9672645,1.001425,1.049729,1.011067,0.9983379,0.9821006,0.9986597,NA,NA,NA,NA,NA,NA,NA,NA,NA,NA,NA,NA,NA
"Cdc42_S1P",18.83333,1.05395,1.026302,0.9316155,0.9417238,0.9658935,0.9508427,0.9350734,0.9992321,0.9713444,1.011657,0.9990197,0.9404831,0.9768419,0.9867994,1.035625,1.007485,0.9954863,0.9857919,1.00434,NA,NA,NA,NA,NA,NA,NA,NA,NA,NA,NA,NA,NA
"Cdc42_S1P",19,1.046648,1.018648,0.937525,0.951032,0.9717012,0.9495664,0.9303051,1.007977,0.9792376,1.017606,1.006204,0.9406223,0.9876235,1.000284,1.041318,1.004078,1.001386,0.9847651,1.00282,NA,NA,NA,NA,NA,NA,NA,NA,NA,NA,NA,NA,NA
"Cdc42_S1P",19.16667,1.041842,1.016167,0.9488731,0.9544083,0.9734936,0.9295608,0.915893,1.002757,0.9723679,1.013324,1.002407,0.9331682,0.9774898,0.9986028,1.037015,1.002443,1.000239,0.9865575,1.006551,NA,NA,NA,NA,NA,NA,NA,NA,NA,NA,NA,NA,NA
"Cdc42_S1P",19.33333,1.043493,1.019812,0.9414361,0.9501036,0.9701364,0.9425442,0.9266264,0.9993607,0.976539,1.015558,1.002617,0.942827,0.9923059,1.002658,1.040807,0.9976459,0.9950966,0.9806997,1.001185,NA,NA,NA,NA,NA,NA,NA,NA,NA,NA,NA,NA,NA
"Cdc42_S1P",19.5,1.049246,1.025285,0.9271706,0.9487826,0.9822485,0.9356276,0.9213104,1.004775,0.9825339,1.020296,1.007392,0.942076,0.9924313,0.9971984,1.035705,0.9962198,0.9829703,0.9703122,0.9973837,NA,NA,NA,NA,NA,NA,NA,NA,NA,NA,NA,NA,NA
"Cdc42_S1P",19.66667,1.040625,1.01777,0.9458564,0.9585093,0.9855728,0.9315108,0.9152148,0.9977369,0.9761949,1.01518,1.003018,0.9383993,0.977734,0.9948548,1.038203,1.000575,0.9852642,0.9864282,1.011786,NA,NA,NA,NA,NA,NA,NA,NA,NA,NA,NA,NA,NA
"Cdc42_S1P",19.83333,1.04422,1.024262,0.9419201,0.9584981,0.9827783,0.949121,0.9353715,1.004795,0.9851275,1.021361,1.013065,0.9430135,0.9823179,1.000222,1.044784,1.004124,0.9866166,0.9871609,1.018547,NA,NA,NA,NA,NA,NA,NA,NA,NA,NA,NA,NA,NA
"Cdc42_S1P",20,1.039653,1.020328,0.9455913,0.9605371,0.9898737,0.9382325,0.922127,1.010093,0.9729735,1.013033,1.009166,0.9375514,0.9826289,0.9941622,1.0318,1.008735,0.9892171,0.9761056,1.002922,NA,NA,NA,NA,NA,NA,NA,NA,NA,NA,NA,NA,NA
"Rac_S1P",0,1.001216,1.002646,1.002209,0.991787,0.9935569,0.9961453,0.9964277,1.000677,0.9999106,1.004327,1.008659,1.007467,0.9875549,0.9941667,0.9931722,0.9918481,0.9973316,0.9976466,0.998294,0.9954924,1.002498,0.9986917,0.9987728,0.9988987,1.001945,0.9954534,1.002506,0.9957569,0.9852318,1.000745,0.9927866,0.9871355
"Rac_S1P",0.1666667,0.9994997,0.9928106,0.9997658,0.9975348,1.001891,1.003979,1.009878,1.001505,1.001438,0.9938114,0.9791933,0.9925425,1.010644,1.002442,0.9980425,0.9974822,0.9976164,0.9881339,1.012225,1.013222,1.002234,1.002342,0.9963444,0.9969288,0.9990684,0.9973828,0.994458,0.9952635,0.993184,1.003006,0.997789,1.002811
"Rac_S1P",0.3333333,0.9908362,0.9964057,0.9905094,0.9946743,0.9961497,0.9953369,0.9917276,1.000002,0.999735,1.004937,1.025066,1.007929,1.006272,1.00968,1.007445,1.007369,0.998009,0.9980346,0.992331,0.98914,1.000315,1.001466,0.9985501,0.9983435,0.9944611,0.9987581,0.9935282,0.9976221,1.001023,0.9998598,1.002921,0.998534
"Rac_S1P",0.5,0.9991967,0.9972504,0.9972806,1.007425,1.006051,1.006239,1.003971,1.004684,0.997619,0.9971925,1.000834,0.9975954,1.005023,1.00078,0.9995486,1.001886,1.006476,1.007341,0.9959588,0.998437,0.9969226,0.995603,1.00203,1.006325,1.00367,1.005647,1.006554,1.006809,1.013999,0.996888,1.002606,1.003967
"Rac_S1P",0.6666667,1.009345,1.010991,1.010359,1.008408,1.002213,0.9982496,0.9979655,0.993089,1.001299,0.9997435,0.9865567,0.9944269,0.9907017,0.9930816,1.001804,1.00143,1.000649,1.008841,1.00136,1.00407,0.9980916,1.001899,1.004299,0.9995825,1.000902,1.002834,1.003107,1.004656,1.007085,0.9995161,1.00391,1.007655
"Rac_S1P",0.8333333,0.9941078,0.994083,0.999072,1.018123,1.011022,1.01394,1.008777,0.9916067,1.002531,0.9919835,0.9930975,1.001242,1.00258,1.011719,1.008219,1.009275,1.001841,0.9976196,1.000868,1.00131,0.9993777,1.00415,0.9984087,1.001619,1.000709,1.002236,1.000795,1.007329,1.012891,1.000025,1.002526,0.9998251
"Rac_S1P",1,0.9891551,0.9940727,0.9892712,1.013736,1.00627,1.008292,1.003871,1.001209,1.003463,0.9993181,1.009009,1.002762,0.9991365,0.999292,1.002679,1.00037,1.011243,0.9986244,1.008688,1.016438,1.000116,1.002627,0.9974418,1.007266,1.002762,1.003663,1.005498,1.013324,1.029736,0.9978557,0.9934455,0.9966897
"Rac_S1P",1.166667,0.995262,0.9991563,0.9916536,1.01957,1.009386,1.013444,1.012397,1.002883,1.003226,0.9965406,0.9961175,0.9968045,0.9830504,1.000038,1.008949,1.007345,1.019251,0.998963,0.9714673,0.980665,0.9987534,1.003522,0.9976545,1.006131,1.002444,1.005498,1.003656,1.013394,1.03252,0.9979929,1.007088,1.005137
"Rac_S1P",1.333333,0.9891461,0.9900668,0.9880781,1.017822,1.009959,1.014293,1.005852,1.003377,1.005099,1.008956,1.022317,1.012501,1.011904,1.039818,1.013318,1.008127,1.019493,1.003905,0.9769061,0.9756426,0.9994678,1.004464,1.000811,1.004022,1.0009,1.005264,1.004156,1.01562,1.031041,0.9994158,1.010758,1.01559
"Rac_S1P",1.5,1.007669,1.010097,1.01247,1.020588,1.012063,1.011717,1.019496,1.004262,1.005247,1.006107,1.022623,1.016507,1.000483,1.009897,1.016488,1.007902,1.020065,1.014745,0.9889287,0.989237,1.001743,1.006925,1.008453,0.9994996,0.9925792,1.002831,0.9939898,1.011562,1.034427,1.001424,1.016979,1.021798
"Rac_S1P",1.666667,1.010524,1.012807,1.010254,1.021865,1.01232,1.011446,1.012371,0.9925242,1.00623,0.9868611,0.9739231,0.9846559,0.9751803,0.9929111,1.014078,1.006918,1.001278,0.9962112,1.016335,1.01764,0.9949033,1.001791,0.998216,1.007701,1.002337,1.003422,1.003214,1.015102,1.023911,0.9936152,1.008522,1.012658
"Rac_S1P",1.833333,1.001704,0.9949892,0.9949538,1.014479,1.006677,1.006172,1.005237,1.003928,1.011472,1.016562,1.045502,1.012212,1.006073,1.020814,1.016233,1.00884,1.011863,0.9955599,0.9969912,0.9978697,1.001751,1.011226,0.9954764,1.004373,0.9976225,0.9972941,1.003562,1.016316,1.042721,1.002711,1.01041,1.032
"Rac_S1P",2,1.000553,1.000976,0.9921311,1.006792,1.000001,0.9836773,0.9908759,1.04789,1.003216,0.9912003,0.9734252,0.9713711,0.9515865,0.9708831,0.9961488,0.9825976,1.016291,0.9802133,0.9836298,0.9783173,0.9821034,0.9972948,0.9853625,0.9819637,0.9571617,0.9961997,0.9538341,1.002746,1.007854,0.9862127,0.9721453,0.9722135
"Rac_S1P",2.166667,1.010695,1.005661,0.996932,1.030332,1.027158,0.9962205,1.006659,1.057464,1.011126,0.989268,0.9640642,0.9593463,0.9637889,0.992675,0.999777,0.9877548,1.011143,0.9870145,0.9665964,0.96829,0.9798337,0.9938644,0.9798714,0.9806005,0.949802,0.9918662,0.9482272,1.002689,0.9603,0.9793868,0.9505944,0.9627833
"Rac_S1P",2.333333,1.004567,0.9955832,0.9945331,1.039561,1.030901,1.002356,1.002708,1.057606,1.006391,1.0002,0.982788,0.9749768,0.967891,0.9831765,0.9993157,0.9907157,1.000945,0.9772772,0.928404,0.9295946,0.9671171,0.9909596,0.9622682,0.9807429,0.9460175,0.9803269,0.9451561,1.003227,0.914561,0.9670583,0.9307787,0.9558535
"Rac_S1P",2.5,1.005553,0.9975236,0.9880638,1.023851,1.011862,0.9815795,0.9819044,1.041188,1.001532,0.9919347,0.9581094,0.9630121,0.9570718,0.968896,1.009757,1.004791,0.9786343,0.9839983,0.9547372,0.9566854,0.9597551,0.9910808,0.9587099,0.9714488,0.9237443,0.9579002,0.9199365,0.9949434,0.8718964,0.9533483,0.9168516,0.9526479
"Rac_S1P",2.666667,1.016143,1.002526,0.9935828,1.017735,1.002178,0.9874315,0.9852773,1.031725,1.000377,0.9918034,0.9609147,0.97197,0.9660412,0.9679053,1.01114,1.008469,0.9727519,0.9771061,0.9784081,0.9709253,0.9528052,0.9921789,0.9472462,0.9639107,0.9103065,0.9470675,0.9131786,0.9913024,0.8601299,0.9464626,0.9066758,0.9453185
"Rac_S1P",2.833333,1.026143,1.01321,1.002431,1.010036,0.9908996,0.9773257,0.9696664,1.02273,1.000401,0.9933953,0.9703213,0.9778916,0.9536828,0.9586019,1.018148,1.018157,0.9728248,0.9863691,0.9636729,0.9485887,0.9507921,0.9924436,0.9493252,0.969387,0.9098049,0.9442937,0.9094085,0.9889985,0.8550339,0.943367,0.9162456,0.9552513
"Rac_S1P",3,1.020879,1.00062,0.9971741,1.01965,0.9990041,0.9743086,0.9735571,1.009289,1.000219,0.9766978,0.9480823,0.9707987,1.024333,1.018028,1.033586,1.030037,0.9703962,0.9774429,0.943076,0.9421309,0.9471861,0.9936373,0.9423049,0.9730927,0.9146793,0.9489762,0.914196,0.9910373,0.8532435,0.9424267,0.9089794,0.9513211
"Rac_S1P",3.166667,1.033333,1.006876,1.003635,1.043629,1.013703,0.9748612,0.9860871,1.008024,1.008484,1.003289,0.9914517,0.9915606,0.9736702,0.9856445,1.043254,1.033786,0.9738064,0.996509,0.9713524,0.9640032,0.9578229,1.001349,0.9518681,0.9757761,0.9204726,0.9601558,0.917094,0.9916368,0.8593594,0.9488707,0.9142097,0.9534195
"Rac_S1P",3.333333,1.019395,0.9893326,0.9869766,1.06861,1.042177,0.9876069,1.008146,1.006861,1.008052,1.00918,1.004548,0.9987907,0.975545,0.9954984,1.050349,1.031323,0.9787103,1.00929,0.9553019,0.9494116,0.9552113,0.9996368,0.9602794,0.9789267,0.9175724,0.9699739,0.9190124,0.9938453,0.8550097,0.9488491,0.9089028,0.9494448
"Rac_S1P",3.5,1.038169,1.009474,1.008794,1.081819,1.060813,0.9839635,1.012922,1.002291,1.017878,1.018203,0.9882025,1.005091,0.97328,0.9953203,1.055089,1.03415,0.9805473,1.005085,0.9600291,0.955746,0.9626641,1.00505,0.9607663,0.9881737,0.931591,0.9842551,0.9231222,0.9948399,0.8667322,0.9584838,0.9158209,0.9632027
"Rac_S1P",3.666667,1.030589,0.9951751,0.9983308,1.100128,1.082647,0.989854,1.025807,1.009831,1.020524,1.033863,1.028458,1.027895,0.9954661,1.007817,1.065211,1.039928,0.9930019,1.019953,0.9610825,0.9634038,0.9616036,1.002315,0.9669216,0.9924153,0.9408127,0.9963511,0.9342914,0.998429,0.8759091,0.9538901,0.919354,0.9647754
"Rac_S1P",3.833333,1.024232,0.9885606,0.9857352,1.116056,1.097957,0.9993359,1.035211,1.020894,1.024247,1.032479,1.037623,1.037174,1.01087,1.014729,1.069035,1.038084,1.00178,1.031992,0.960406,0.9485927,0.9659454,1.003213,0.9769337,0.9888179,0.9412875,1.00462,0.9304425,0.996886,0.8899884,0.9552758,0.9256209,0.9635709
"Rac_S1P",4,1.038719,1.009985,1.003595,1.133443,1.116354,1.013582,1.045858,1.036039,1.030767,1.039256,1.030952,1.039144,1.017609,1.016838,1.05952,1.028248,1.019848,1.030619,0.9533003,0.9467278,0.9698361,1.008329,0.9802185,0.9981973,0.9516252,1.016286,0.9456775,1.002978,0.9074535,0.9592925,0.9195542,0.9592522
"Rac_S1P",4.166667,1.034389,0.9941726,0.9997227,1.147337,1.127676,1.03192,1.060628,1.028539,1.029622,1.046577,1.024792,1.04362,1.035535,1.033914,1.069262,1.033243,1.008786,1.023308,0.9504679,0.9520815,0.972256,1.002658,0.9791209,0.9917051,0.9479348,1.023709,0.9430275,1.001371,0.8981617,0.9561064,0.9303176,0.9701145
"Rac_S1P",4.333334,1.032758,1.00829,1.000329,1.159551,1.140966,1.045213,1.070411,1.047555,1.03569,1.056424,1.038404,1.059533,1.050185,1.039589,1.071347,1.032475,1.02607,1.033362,0.9244303,0.93566,0.983103,1.007396,0.9865758,0.9938242,0.9543686,1.030123,0.9478822,1.002086,0.9194172,0.9625953,0.9317683,0.9647179
"Rac_S1P",4.5,1.034936,1.001265,1.007115,1.179852,1.161549,1.070799,1.093176,1.051238,1.039386,1.066686,1.046244,1.067854,1.034343,1.030807,1.077119,1.034114,1.026301,1.046435,0.9500852,0.9465575,0.9878202,1.012047,0.994656,1.001314,0.9646797,1.040398,0.9593293,1.007588,0.9139188,0.9674997,0.9249396,0.9564682
"Rac_S1P",4.666667,1.033465,0.9966652,0.9961253,1.186306,1.168536,1.073778,1.095725,1.043662,1.035187,1.067158,1.038079,1.061644,1.052487,1.042704,1.081875,1.037521,1.018345,1.036516,0.9571048,0.9622124,0.9837804,1.003779,0.989762,0.9963881,0.959437,1.038846,0.9571569,1.005506,0.9099886,0.9609485,0.9399337,0.9689384
"Rac_S1P",4.833334,1.027667,0.9945414,0.9961228,1.204733,1.185126,1.092519,1.110458,1.052727,1.046366,1.070433,1.026617,1.063188,1.056583,1.053467,1.091117,1.042688,1.020849,1.048735,0.9606202,0.9680423,0.9936785,1.015461,0.997771,0.9960255,0.9626411,1.041336,0.9648046,1.006457,0.9148143,0.9727911,0.9384044,0.9746226
"Rac_S1P",5,1.03023,1.002073,0.9997235,1.21155,1.190518,1.088502,1.099334,1.056746,1.035534,1.085236,1.063325,1.086052,1.036631,1.038854,1.091282,1.037609,1.029764,1.049245,0.9258206,0.9317465,0.9825007,1.00417,0.9999608,0.9983184,0.9658123,1.043522,0.9707226,1.008117,0.9300816,0.9630925,0.9378793,0.9636259
"Rac_S1P",5.166667,1.023767,0.9936268,0.9947826,1.222622,1.197989,1.104632,1.109314,1.058997,1.036185,1.078702,1.065147,1.084846,1.022103,1.023254,1.097049,1.035706,1.025843,1.042838,0.981738,0.9870113,0.9865632,1.009836,0.9982667,0.990247,0.9578517,1.041579,0.9593455,1.003938,0.9254504,0.9662599,0.9377448,0.9623694
"Rac_S1P",5.333334,1.027662,1.000584,0.9992494,1.225918,1.206042,1.113079,1.114857,1.066779,1.036652,1.069111,1.036096,1.068579,1.030053,1.030823,1.09694,1.038702,1.03282,1.036611,0.9734494,0.9726514,0.9868674,1.008004,0.9965038,0.9941465,0.9648048,1.040783,0.9666287,1.004775,0.9326753,0.962796,0.9452311,0.9696396
"Rac_S1P",5.5,1.016054,0.9812715,0.9817091,1.223568,1.210688,1.111704,1.119373,1.075741,1.028225,1.059214,1.038057,1.064664,1.033375,1.042453,1.098503,1.036326,1.039826,1.035869,0.9537665,0.9540749,0.982485,1.002181,0.9942032,0.9954182,0.9679756,1.040589,0.9738362,1.004299,0.9356363,0.9588624,0.9402542,0.9677165
"Rac_S1P",5.666667,1.011227,0.9814844,0.985516,1.227345,1.215025,1.128861,1.135268,1.076119,1.02662,1.060494,1.041279,1.060294,1.069024,1.069888,1.099608,1.037955,1.038377,1.047712,0.9718687,0.9748139,0.9844626,1.001872,1.002488,1.000392,0.9738983,1.042795,0.9832931,1.008264,0.9268897,0.9590213,0.9428439,0.9628889
"Rac_S1P",5.833334,1.036438,1.01073,1.019549,1.219554,1.206742,1.120926,1.128856,1.071356,1.02634,1.058617,1.05306,1.059607,1.04045,1.039712,1.099296,1.036777,1.035581,1.039032,0.9770113,0.9841167,0.9880106,1.005238,0.9970847,0.9993029,0.9719427,1.039899,0.976256,1.006053,0.9205601,0.9626102,0.941999,0.9683449
"Rac_S1P",6,1.026032,1.004238,1.006113,1.213495,1.199815,1.124334,1.138451,1.066999,1.024471,1.040156,0.9963992,1.027061,1.052998,1.050889,1.093944,1.034163,1.036131,1.034084,0.9583193,0.9576095,0.9860261,1.002653,0.994263,0.9916933,0.9628313,1.035697,0.9665287,1.002898,0.9189884,0.9579453,0.9348922,0.9591884
"Rac_S1P",6.166667,1.024583,0.9976189,1.003805,1.196924,1.181961,1.104607,1.127164,1.05815,1.024638,1.052687,1.04381,1.048446,1.047692,1.035712,1.093944,1.034163,1.031748,1.020184,0.9811621,0.9866543,0.9880361,1.003759,0.9847035,0.9966112,0.9684847,1.036376,0.9687771,1.004687,0.9158857,0.9596367,0.9392077,0.9605478
"Rac_S1P",6.333334,1.02425,0.9951381,1.002008,1.192178,1.177988,1.110011,1.136083,1.05985,1.026382,1.050175,1.036088,1.047276,1.024985,1.014457,1.077005,1.024077,1.031483,1.034508,0.9689426,0.9747783,0.9890462,1.004573,0.996711,0.9952655,0.9701707,1.034806,0.9733952,1.007092,0.9150819,0.9608538,0.9332153,0.9589743
"Rac_S1P",6.5,1.038381,1.011987,1.021643,1.178431,1.163518,1.094304,1.112839,1.060879,1.016059,1.050544,1.029117,1.036758,1.046802,1.035128,1.076146,1.021442,1.026393,1.016537,0.952063,0.9568841,0.9773154,0.9945824,0.9895209,0.994372,0.9700725,1.036604,0.9682493,1.006516,0.9191311,0.9520309,0.9413773,0.9651521
"Rac_S1P",6.666667,1.018562,0.9897022,0.9937184,1.169892,1.158047,1.088329,1.114075,1.06467,1.017763,1.051134,1.036083,1.0406,1.034099,1.030564,1.082218,1.026126,1.031524,1.03102,0.9913058,0.9877863,0.9794126,0.9962482,0.9980196,0.9934292,0.9776283,1.038387,0.9708778,1.004505,0.9298462,0.9520757,0.9413942,0.9788364
"Rac_S1P",6.833334,1.046261,1.015277,1.025011,1.150613,1.142992,1.07183,1.099415,1.058234,1.013148,1.046852,1.025962,1.034497,1.023306,1.014097,1.083123,1.025065,1.026611,1.02155,0.9772215,0.9861355,0.9753447,0.9950917,0.9981313,0.9908452,0.9687996,1.030547,0.9708237,1.003826,0.9246224,0.9494191,0.9365938,0.9674341
"Rac_S1P",7,1.026933,1.000907,1.002111,1.141872,1.133825,1.080611,1.09555,1.068104,1.014122,1.038407,1.010842,1.027664,1.014983,1.013315,1.078986,1.019289,1.03201,1.015075,0.9886681,0.9857685,0.9786786,0.9953151,0.9879106,0.9952999,0.9729274,1.033701,0.9822996,1.00859,0.9271272,0.9503708,0.9322884,0.9590833
"Rac_S1P",7.166667,1.026282,1.00052,1.0008,1.138994,1.140611,1.085892,1.107836,1.051219,1.012411,1.044126,1.027349,1.033961,1.006771,0.99015,1.084459,1.020032,1.017471,1.024079,0.9886994,0.9917971,0.9782126,0.994961,0.9912844,0.9967274,0.9737563,1.035722,0.9747127,1.007772,0.9036903,0.9504811,0.933965,0.9619842
"Rac_S1P",7.333334,1.021314,0.9970843,0.9950631,1.129051,1.126563,1.062939,1.097275,1.058311,1.015671,1.046306,1.017964,1.029851,1.018044,1.008463,1.082508,1.009993,1.020985,1.033765,1.003891,1.005151,0.9802038,1.000683,0.9919662,0.9975981,0.9742131,1.035555,0.9774474,1.009258,0.9146875,0.9545357,0.9380855,0.9672446
"Rac_S1P",7.5,1.044764,1.019729,1.031718,1.11438,1.108017,1.046497,1.080948,1.067193,1.015064,1.036961,0.9910682,1.022161,1.023662,1.0087,1.085578,1.013249,1.028794,1.034014,0.9714967,0.9806767,0.9794151,0.9999323,0.9918792,0.9983026,0.9739178,1.032905,0.9777532,1.008084,0.9236324,0.9531808,0.9366631,0.9605205
"Rac_S1P",7.666667,1.021985,0.9988235,1.001036,1.117379,1.107758,1.05184,1.095955,1.055535,1.010169,1.048434,1.019175,1.03251,1.023889,1.005896,1.074181,1.002037,1.017136,1.017704,0.9779934,0.9761209,0.9771797,0.9934102,0.9828214,0.9971571,0.9725694,1.027528,0.9679247,1.006193,0.9034582,0.9483753,0.9311574,0.9552717
"Rac_S1P",7.833334,1.031272,1.001882,1.013327,1.118435,1.106956,1.0587,1.107029,1.053977,1.010825,1.044041,1.032444,1.033792,1.079801,1.025757,1.076129,1.006183,1.01451,1.023083,0.9866231,0.9908295,0.9787794,0.9954631,0.9861742,0.9969609,0.9690049,1.024185,0.9654701,1.005197,0.8961757,0.9515554,0.9269406,0.9558017
"Rac_S1P",8,1.025472,1.003216,1.000534,1.109759,1.093458,1.053749,1.097272,1.057619,1.013633,1.047043,1.022474,1.035789,1.037171,1.006372,1.070177,1.003181,1.026569,1.028156,0.9886685,0.990813,0.9824407,0.9976969,0.9865234,0.9977595,0.9673154,1.025447,0.9691601,1.007748,0.913113,0.9533592,0.9323128,0.9611806
"Rac_S1P",8.166667,1.028696,1.001452,1.006321,1.105079,1.089161,1.057615,1.103187,1.046532,1.010366,1.051994,1.026947,1.041597,1.038676,1.02409,1.070062,1.000594,1.018693,1.035495,0.9687455,0.9693067,0.9776604,0.9918834,0.991837,0.9964134,0.9703587,1.020495,0.9713258,1.007712,0.9050751,0.9479271,0.9354146,0.9659763
"Rac_S1P",8.333333,1.037862,1.015081,1.017963,1.086769,1.072935,1.043987,1.080541,1.044182,1.009952,1.047788,1.014734,1.032879,1.010602,0.9964969,1.060496,0.9981563,1.016577,1.017577,0.9766176,0.9755089,0.9727635,0.9905251,0.9827589,0.9951376,0.9661822,1.017719,0.9681658,1.007353,0.8977134,0.9481968,0.9342558,0.9636364
"Rac_S1P",8.5,1.029259,1.000021,1.013898,1.083315,1.068624,1.046939,1.079036,1.038644,1.012179,1.038659,0.992969,1.010383,0.9887243,0.9787669,1.059153,0.9999625,1.012019,1.02467,0.9689532,0.969166,0.9768678,0.9955507,0.984323,0.9968126,0.966639,1.015562,0.971072,1.008882,0.8952188,0.9498384,0.9275,0.94984
"Rac_S1P",8.666667,1.022152,1.001604,0.9989436,1.085708,1.074248,1.056208,1.091022,1.036292,1.013059,1.045961,1.013651,1.024801,1.01854,0.9982829,1.049371,0.9889069,1.010422,1.009611,0.9796105,0.9852596,0.9796084,0.9941113,0.9746297,0.9945802,0.9565577,1.013687,0.9644443,1.0102,0.8963006,0.9509859,0.9352739,0.9705352
"Rac_S1P",8.833333,1.030621,1.007236,1.0145,1.076261,1.061895,1.041414,1.078372,1.043602,1.012333,1.048663,1.028601,1.033126,0.9913921,0.9685599,1.043688,0.9864109,1.016522,1.023593,0.9754487,0.9697514,0.9758912,0.992562,0.9802473,0.9946505,0.9614437,1.013325,0.9585641,1.006467,0.9058955,0.9518035,0.9243972,0.9573228
"Rac_S1P",9,1.03368,1.007353,1.010316,1.06508,1.053664,1.047574,1.076439,1.036223,1.01251,1.047974,1.016514,1.028159,0.9949125,0.9840813,1.041717,0.9865042,1.004173,1.018269,0.9831675,0.9808077,0.9763058,1.014605,0.9770266,0.9977659,0.966911,1.01548,0.9718466,1.008149,0.893211,0.9505373,0.9269882,0.9605365
"Rac_S1P",9.166667,1.042859,1.023606,1.032194,1.062077,1.04841,1.04501,1.081054,1.026482,1.017824,1.043926,1.027786,1.023707,0.9931675,0.9794856,1.045371,0.9901435,0.9990631,1.011485,0.9710891,0.9651154,0.9810701,1.021954,0.9746897,0.9963378,0.9649294,1.01658,0.9691913,1.008304,0.885733,0.9530739,0.9248781,0.964645
"Rac_S1P",9.333333,1.032506,1.005326,1.015932,1.06422,1.04718,1.05249,1.084241,1.033503,1.013739,1.040535,1.061847,1.026831,0.9987797,0.9896092,1.03743,0.9812982,1.002576,1.007978,0.9941376,0.9945972,0.9724678,1.01113,0.9727318,1.000642,0.9717975,1.017555,0.9762372,1.009952,0.8884732,0.948305,0.9242507,0.9636959
"Rac_S1P",9.5,1.030192,1.001886,1.010838,1.056814,1.040859,1.04397,1.07902,1.029884,1.013718,1.03968,1.00743,1.013357,1.001055,0.9786805,1.031171,0.9796693,0.9986013,1.006021,0.9780085,0.9832115,0.9735695,1.005431,0.9726088,1.000536,0.9672852,1.015715,0.963351,1.008526,0.8861674,0.9482898,0.9246913,0.9598053
"Rac_S1P",9.666667,1.012682,0.989242,0.9873712,1.051518,1.030988,1.037353,1.065609,1.027887,1.015474,1.034692,1.029172,1.029846,0.9983842,0.9800572,1.033127,0.9789429,0.9978843,1.012566,0.9847613,0.9849426,0.9810169,0.9982085,0.9750091,0.9920907,0.9613089,1.012241,0.9640371,1.004311,0.8853418,0.9462644,0.9178477,0.953367
"Rac_S1P",9.833333,1.032179,1.011142,1.015636,1.056222,1.034051,1.04005,1.069244,1.032008,1.011944,1.020208,0.999669,1.00971,0.9935571,0.9809083,1.034437,0.9854955,0.9949316,1.020607,0.9621673,0.9647475,0.9757196,0.9917221,0.9780979,1.000724,0.9723305,1.019264,0.9818698,0.9968327,0.8863643,0.943297,0.9277375,0.9540753
"Rac_S1P",10,1.029116,0.9982101,1.008184,1.059836,1.042295,1.05006,1.08313,1.030037,1.015062,1.006561,0.9736617,0.9948329,0.988368,0.9813039,1.025919,0.9762689,0.9951762,1.006839,0.9938484,0.9948954,0.975347,0.9920415,0.969117,0.9886347,0.9541778,1.013216,0.947426,0.9926102,0.8822672,0.941548,0.9339905,0.9748992
"Rac_S1P",10.16667,1.023855,0.9948254,1.002483,1.053035,1.035455,1.029219,1.059785,1.030535,1.017412,1.015334,0.9957787,1.002133,0.9698117,0.9583138,1.028957,0.976081,0.9976527,1.004204,0.9609425,0.9648987,0.9871911,0.9954293,0.9635474,0.991972,0.9586059,1.017801,0.9244638,1.00487,0.8841745,0.9499638,0.9293398,0.9631594
"Rac_S1P",10.33333,1.034414,1.002641,1.009241,1.054786,1.041919,1.041429,1.073754,1.026743,1.014673,0.9987512,0.9356571,0.9816147,0.9770806,0.9724312,1.020802,0.9734353,0.9977972,1.003997,0.9976932,0.9984847,0.9748502,0.9961168,0.9640302,0.9993784,0.9694095,1.023541,0.9447204,1.011595,0.8738617,0.945937,0.9180036,0.9589226
"Rac_S1P",10.5,1.03077,1.000037,1.00701,1.060441,1.047917,1.046113,1.076735,1.021127,1.017538,1.014353,1.002568,1.000426,0.9748533,0.967003,1.021638,0.9718975,0.9921083,1.014308,0.9740421,0.9839127,0.9776561,0.9952654,0.9677391,0.9902899,0.9600302,1.017364,0.9471573,1.003385,0.8622507,0.9445235,0.9288572,0.9664235
"Rac_S1P",10.66667,1.019563,0.9851773,0.9944966,1.04623,1.035939,1.024813,1.058693,1.019598,1.011766,1.015571,1.022512,1.010245,0.9902626,0.9711571,1.019535,0.9708452,0.9868683,1.007932,0.9479349,0.9593779,0.9727684,0.9948032,0.9658788,0.9917632,0.9626378,1.018087,0.9682456,1.011552,0.8620219,0.9421611,0.9266596,0.968473
"Rac_S1P",10.83333,1.018973,0.9974023,1.003717,1.053908,1.040696,1.032678,1.068326,1.020261,1.011898,0.9967015,0.9873168,0.9949171,0.9659225,0.9596661,1.02293,0.9749498,0.9896646,0.99706,0.9806405,0.9839485,0.9707717,0.9902178,0.9595662,0.9905562,0.9574713,1.016231,0.9545876,1.007531,0.8672885,0.9365007,0.9258061,0.9638258
"Rac_S1P",11,1.031004,0.9915326,1.010838,1.041356,1.03303,1.023325,1.058691,1.025815,1.013603,1.015948,0.9990518,1.000756,0.9660882,0.9464961,1.015914,0.9744265,0.9997025,1.011978,0.9444409,0.9491379,0.9743779,0.9941742,0.9660222,0.9929537,0.9558645,1.016719,0.9547579,1.008575,0.8708913,0.9414752,0.932174,0.9783018
"Rac_S1P",11.16667,1.011417,0.984617,0.9914202,1.04112,1.03656,1.032725,1.065843,1.018092,1.016218,1.010541,0.9798455,0.9943171,0.977519,0.9563679,1.018163,0.9739916,0.9915487,0.999294,0.9702554,0.9750751,0.9738436,0.9940146,0.9607184,0.9871978,0.9511824,1.006836,0.9496696,1.005202,0.8629915,0.9432477,0.9222654,0.9604164
"Rac_S1P",11.33333,1.031216,1.001358,1.009975,1.038758,1.034274,1.024425,1.062859,1.016849,1.015019,1.008148,0.9723542,0.9932156,0.9781007,0.9609371,1.012331,0.9700154,0.9910853,1.016506,0.991158,0.9979793,0.9706207,0.9927801,0.9723014,0.988246,0.9553182,1.004976,0.9515624,1.0068,0.8658338,0.9408492,0.9212201,0.9585227
"Rac_S1P",11.5,1.014308,0.9803738,0.9982502,1.029038,1.024968,1.010744,1.046618,1.017164,1.013746,1.019541,0.9824939,0.9992532,0.9674607,0.9584544,1.016397,0.9724307,0.9885407,0.9950678,0.9795057,0.9809864,0.9673526,0.9905238,0.9583466,0.9906473,0.9578669,1.000699,0.9511311,1.006978,0.8525834,0.9368658,0.9328658,0.9730032
"Rac_S1P",11.66667,1.017042,0.9904735,1.001248,1.02515,1.012056,1.014411,1.056926,1.016104,1.007545,1.026713,0.9794712,1.007939,0.9621329,0.9509605,1.011979,0.9679951,0.9905061,1.005599,0.9680211,0.9758919,0.9598154,0.9866853,0.9634652,0.9936764,0.9594286,0.9997932,0.9556943,1.007667,0.8574917,0.9335833,0.9285775,0.9668692
"Rac_S1P",11.83333,1.014869,0.9818013,1.000554,1.022857,1.011887,1.008095,1.049336,1.028533,1.015749,1.035798,1.001568,1.021345,0.9432432,0.9371218,1.013425,0.9738808,1.005525,1.004339,0.9440084,0.9530181,0.9718354,0.9958935,0.9629849,0.9926242,0.9586848,1.00173,0.9568497,1.011284,0.8634802,0.9448984,0.9205612,0.950314
"Rac_S1P",12,1.022006,0.9956968,1.003828,1.015882,1.003541,0.9893099,1.027434,1.0193,1.01084,1.041754,0.9960626,1.01516,0.9546045,0.9387944,1.00685,0.9653828,0.9963167,0.9929344,0.9604237,0.9683232,0.9692278,0.9930563,0.9581043,0.9891311,0.953167,0.9982399,0.9426656,1.008817,0.8594709,0.9418874,0.9315397,0.9647278
"Rac_S1P",12.16667,1.021385,0.9976726,1.007832,1.030479,1.04658,1.149976,1.035062,1.010296,1.013161,1.0257,0.9720415,1.001066,0.9530528,0.9381753,1.010567,0.9729207,0.9935404,0.9985399,0.977913,0.9866601,0.9694916,0.9957275,0.9620622,0.9905942,0.9553366,0.9967392,0.9474665,1.009093,0.8599364,0.9418877,0.9244843,0.9636518
"Rac_S1P",12.33333,1.021546,1.001377,1.0101,1.140952,1.009869,1.012412,1.054387,1.007354,1.009901,1.025591,0.98487,1.008269,0.9627262,0.9438664,1.011367,0.9685885,0.9925153,1.00311,0.9587393,0.9588622,0.9704157,0.9937491,0.9644138,0.9889824,0.9567566,0.9957857,0.9488568,1.009099,0.8584731,0.9403782,0.922765,0.9583775
"Rac_S1P",12.5,1.01356,0.9882167,0.9985897,1.024668,1.003553,1.029143,1.070147,1.016982,1.00601,1.038454,1.014226,1.020407,0.9647429,0.9511721,1.012823,0.9696187,1.001197,0.9816763,0.968667,0.9702643,0.9668052,0.9903407,0.9511032,0.9862841,0.9531406,0.9938699,0.9432112,1.007359,0.867408,0.9359652,0.9276662,0.969849
"Rac_S1P",12.66667,1.011812,0.9817457,0.9921107,1.020411,0.9964024,1.023042,1.062982,1.011082,1.009431,1.030108,0.9934654,1.016425,0.9355803,0.9365546,1.007968,0.9653665,0.9910639,0.9992556,0.9540498,0.9623941,0.9668146,0.9944134,0.9632121,0.9928429,0.9610648,0.9972681,0.9592055,1.011164,0.8547351,0.9399889,0.9395004,0.9771582
"Rac_S1P",12.83333,1.009744,0.9842156,0.994987,1.019472,0.9918574,1.020414,1.08846,1.010777,1.006895,1.029668,1.004833,1.017518,0.9372737,0.9343098,1.0093,0.9672034,0.9909571,0.998602,0.9497291,0.9570967,0.9677697,0.9948282,0.961735,0.9881681,0.954861,0.9930499,0.9433993,1.005895,0.8562607,0.9390458,0.9302076,0.9702161
"Rac_S1P",13,1.010638,0.9874037,0.9987778,1.011749,0.9857241,1.000154,1.044961,1.004973,1.005403,1.036672,1.005426,1.019137,0.9360673,0.9295132,1.004064,0.9602323,0.9890302,0.9891071,0.9516404,0.9567881,0.9640518,0.9911682,0.9556285,0.9926344,0.9578842,0.9934222,0.9552898,1.009698,0.8531852,0.9346432,0.9251035,0.961047
"Rac_S1P",13.16667,1.017909,0.9901363,0.9987518,1.007033,0.9833519,0.9980791,1.041321,1.010609,1.005469,1.034563,0.9860947,1.017157,0.9466609,0.943601,1.005325,0.9615524,0.9926499,0.9897423,0.9726947,0.9742917,0.9633439,0.9938579,0.9579977,0.9925332,0.956845,0.9911381,0.9567936,1.010428,0.8571922,0.9385857,0.9285881,0.9670662
"Rac_S1P",13.33333,1.016635,0.995648,1.002821,1.003224,0.9819475,1.000822,1.046009,1.007336,1.006785,1.033665,1.001046,1.019604,0.9562044,0.9488934,1.002665,0.9635555,0.991169,0.9911249,0.9599316,0.9708415,0.9660592,0.9954523,0.9616004,0.988053,0.9519101,0.9885594,0.9477416,1.006005,0.8572273,0.9400645,0.924385,0.9609909
"Rac_S1P",13.5,1.017407,0.9894924,1.000447,1.006504,0.9807784,1.006971,1.046803,1.014468,1.001792,1.034124,1.016541,1.02222,0.9506243,0.9422467,1.006934,0.9650448,0.9958285,0.9774177,0.9863294,0.9897112,0.9584752,0.9913395,0.9544086,0.993111,0.9576073,0.9904538,0.9551055,1.010495,0.8623979,0.9371022,0.9260273,0.9607218
"Rac_S1P",13.66667,1.004663,0.9832618,0.9918792,1.002886,0.9742901,1.000858,1.040144,1.002597,1.002753,1.027857,0.9978843,1.014741,0.932538,0.9315209,1.00607,0.9608449,0.9826055,0.9925284,0.9616326,0.9741093,0.9604051,0.9908267,0.9601271,0.9853427,0.9504946,0.985404,0.9453682,1.004393,0.8537779,0.9334316,0.9229428,0.951238
"Rac_S1P",13.83333,1.016155,0.9907978,1.007251,0.9976374,0.9667038,0.9952772,1.037181,1.008413,1.002507,1.022034,0.9930481,1.011103,0.9455054,0.9302475,1.003394,0.9599426,0.9918454,0.981608,0.9587563,0.9636483,0.9618467,0.9874668,0.9495072,0.990859,0.9609751,0.9892072,0.9572487,1.010109,0.8609867,0.9339675,0.9291847,0.9691048
"Rac_S1P",14,1.013828,0.9893674,0.9948407,0.9947342,0.9654324,0.9876027,1.032011,0.9987305,1.005564,1.019534,0.9884915,1.008791,0.935241,0.9280188,1.005423,0.9668717,0.9870824,0.9791001,0.9656977,0.9653347,0.9640442,0.993314,0.9498276,0.9853301,0.9570766,0.9880003,0.9469271,1.006412,0.8578513,0.9366795,0.9265939,0.9683935
"Rac_S1P",14.16667,1.015643,0.9900831,1.003115,0.985656,0.9598604,0.9885333,1.027724,0.9970697,1.005949,1.013974,0.9770091,1.006652,0.9313799,0.9254178,1.003776,0.9620917,0.9882778,0.994112,0.9786624,0.9779933,0.9650223,0.9951741,0.959937,0.9904488,0.9595663,0.9868684,0.9562252,1.010676,0.8521121,0.938497,0.9223592,0.9601216
"Rac_S1P",14.33333,1.013529,0.9899344,1.001291,0.9878982,0.9599794,0.9811369,1.024495,0.9989464,1.004245,1.010386,0.973373,1.006327,0.9480944,0.9416565,1.003758,0.9624637,0.9861583,0.9810414,0.9954204,0.9992511,0.9634128,0.9915992,0.9520201,0.984663,0.9543789,0.9798942,0.9550831,1.007832,0.8645792,0.9357218,0.9310482,0.9802969
"Rac_S1P",14.5,1.025609,1.011135,1.021091,0.9843997,0.9585657,0.9844103,1.025341,1.001907,1.006308,1.021118,1.002446,1.013148,0.9365678,0.9274259,1.001007,0.9580933,0.9873503,0.9741397,0.9627866,0.9657906,0.9655177,0.9938959,0.9489586,0.9908588,0.957881,0.9807531,0.956644,1.010655,0.8690017,0.9367713,0.9268117,0.9732515
"Rac_S1P",14.66667,1.011528,0.9973321,1.002251,0.9880971,0.9622321,0.9892759,1.030716,1.003387,1.001129,1.016978,1.003217,1.013758,0.9263191,0.9321247,1.006099,0.9645926,0.9878482,0.9769899,0.9735098,0.9780632,0.9627346,0.9872515,0.9546141,0.988768,0.9530389,0.9788888,0.9557549,1.008676,0.8703386,0.9308584,0.9197989,0.95838
"Rac_S1P",14.83333,1.028374,1.005173,1.021213,0.9817098,0.9542921,0.9771876,1.019988,1.000205,1.000076,1.020176,1.016372,1.018799,0.9344866,0.9287442,1.002266,0.9575692,0.9830093,0.9731299,0.9692745,0.96301,0.9615704,0.9907323,0.9513562,0.9836201,0.9463504,0.9778403,0.9418122,1.007021,0.8688439,0.9351875,0.9180873,0.9627394
"Rac_S1P",15,1.019183,0.9905725,1.010542,0.9885752,0.9589194,0.9889705,1.031734,0.9916799,1.006504,1.019269,1.005342,1.012826,0.9352074,0.9339793,1.001669,0.9615026,0.9768469,0.9638436,0.9728581,0.9832158,0.9656944,0.9929508,0.945933,0.9851883,0.9484198,0.978417,0.9479073,1.007092,0.8609965,0.9353507,0.9331768,0.9842401
"Rac_S1P",15.16667,1.013434,0.9862326,0.9965575,0.9838029,0.9520969,0.9819286,1.022127,0.9911178,1.006088,1.026875,1.037012,1.022544,0.9388523,0.9354173,1.000618,0.9586615,0.9816362,0.9734067,0.9830349,0.9876954,0.9647129,0.9910699,0.9507645,0.9884394,0.9504284,0.9793041,0.9493432,1.007587,0.8672393,0.9351418,0.9300298,0.9702349
"Rac_S1P",15.33333,1.011775,0.9930618,0.9977623,0.9877206,0.9501993,0.9833631,1.02007,0.9959357,1.008294,1.035164,1.023692,1.022403,0.9400839,0.9344379,1.000562,0.9598072,0.9894663,0.9681962,0.9741253,0.9715031,0.9691474,0.9950761,0.9486063,0.9915111,0.9560234,0.9822986,0.9565018,1.009341,0.8782775,0.9376486,0.9243951,0.9652032
"Rac_S1P",15.5,1.022736,0.9993856,1.010291,0.9903917,0.9537341,0.9947085,1.026513,0.9916161,1.007499,1.043494,1.043163,1.034641,0.9174804,0.9164074,0.999372,0.9653304,0.9854248,0.9772404,0.9835715,0.9924146,0.9669751,0.9948006,0.9491617,0.9910656,0.9578966,0.981454,0.9525766,1.010525,0.8759618,0.9368318,0.9256215,0.970046
"Rac_S1P",15.66667,1.024982,1.007318,1.016661,0.9892151,0.9532771,0.9840152,1.021693,0.982965,1.008311,1.036444,1.007306,1.015017,0.9105575,0.9088312,0.9939372,0.9549207,0.978322,0.9693941,0.9816955,0.9782312,0.9706138,0.9962252,0.9446904,0.98401,0.9453893,0.9737281,0.9421742,1.009257,0.8747173,0.9356629,0.9337077,0.972122
"Rac_S1P",15.83333,1.006158,0.9806767,0.9887605,0.9854804,0.9503847,0.9861908,1.020467,0.9808496,1.006934,1.019731,0.9806536,1.004186,0.9453574,0.9257037,0.9958018,0.95917,0.9731579,0.9732093,0.9894928,0.9955617,0.9693794,0.993964,0.9443016,0.9853722,0.949372,0.9723069,0.9495931,1.011065,0.8746375,0.9363805,0.9278982,0.9726729
"Rac_S1P",16,1.015264,0.9880057,1.011457,0.9896423,0.9555128,0.9948431,1.028188,0.9928698,1.003538,1.035947,1.010964,1.014322,0.9219482,0.91833,0.9951859,0.9588374,0.9856634,0.9825341,0.9501201,0.955753,0.9652897,0.9889808,0.9522017,0.9916159,0.9538499,0.9740813,0.9708139,1.007957,0.8857656,0.9320778,0.9313624,0.9809891
"Rac_S1P",16.16667,1.014697,0.9915121,1.005574,0.9852987,0.9511819,0.9932067,1.023988,0.998673,1.007415,1.034072,1.010057,1.014041,0.9586558,0.9594384,0.9976172,0.9612816,0.9900899,0.9758598,0.9516559,0.9554122,0.9684205,0.9923541,0.946024,0.9900197,0.9523189,0.9678317,0.952161,1.005708,0.8884148,0.933027,0.9348573,0.9826963
"Rac_S1P",16.33333,0.9957975,0.9759481,0.9846814,0.9740759,0.9413031,0.9828878,1.01236,0.9959211,1.006811,1.043985,1.016395,1.019355,0.944337,0.9428231,0.9968262,0.961805,0.9857955,0.970501,0.969083,0.9666993,0.9678035,0.99393,0.9450955,0.990882,0.9554532,0.9665166,0.9552494,1.007816,0.8748556,0.9347751,0.9289675,0.976293
"Rac_S1P",16.5,1.018581,0.9867063,1.004802,0.9803175,0.9487216,0.9898195,1.016307,0.9914157,1.018364,1.03673,0.9998431,1.010967,0.9565521,0.9466467,0.9940456,0.9590771,0.9856431,0.9666334,0.9526226,0.9601263,0.9715737,0.9963173,0.9370986,0.9891834,0.9510135,0.9682741,0.9500735,1.008648,0.8777306,0.9378117,0.9246261,0.9648083
"Rac_S1P",16.66667,0.9992309,0.9750098,0.9836639,0.9754766,0.9409703,0.9859153,1.016712,1.000935,1.004476,1.020196,1.015573,1.030687,0.916059,0.9172075,0.9975793,0.9586687,0.9975819,0.9779951,0.9827112,0.9890693,0.961272,0.9875314,0.9386383,0.9860733,0.9487336,0.9676357,0.9444717,1.009003,0.886407,0.9296703,0.9272254,0.9693019
"Rac_S1P",16.83333,1.010452,0.9844199,0.999747,0.9686236,0.9361253,0.9715941,1.001323,0.9850734,1.00934,1.054846,1.029221,1.028542,0.9193818,0.9102271,0.9975793,0.9054843,0.9864335,0.9791549,0.9294314,0.9289327,0.968431,0.9957302,0.9481363,0.9888481,0.9510013,0.9672637,0.9488138,1.008387,0.8678237,0.9359697,0.9291117,0.9777849
"Rac_S1P",17,1.008531,0.9799942,0.9992139,0.9734362,0.9434988,0.9904432,1.019936,0.9973614,1.011111,1.052676,1.015554,1.024058,0.9425878,0.9370861,0.9898053,0.9054843,0.9950579,0.9738988,0.9800471,0.9953784,0.9724407,0.995627,0.9442812,0.9818504,0.943564,0.9660444,0.9423577,1.006015,0.8781456,0.9395764,0.9334636,0.9836865
"Rac_S1P",17.16667,1.017993,0.9916127,1.014905,0.9693682,0.938354,0.9829617,1.006655,0.9901968,1.011649,1.065223,1.019019,1.033002,0.9385958,0.9400897,0.9898053,0.9392901,0.9933831,0.9883433,0.9620262,0.9669853,0.974355,0.9971598,0.9423936,0.9852455,0.9467286,0.9683766,0.9489525,1.010822,0.8840251,0.9404169,0.9278304,0.9713398
"Rac_S1P",17.33333,1.000639,0.9703556,0.9906102,0.9668675,0.9395672,0.9845632,1.009459,0.991877,1.012932,1.054154,1.00123,1.013727,0.9236853,0.9296328,0.9898053,0.9392901,0.9970014,0.9728882,0.9672117,0.9694775,0.9748804,0.9990706,0.9433791,0.9860914,0.9480109,0.9675103,0.9512811,1.010202,0.8856025,0.9433944,0.9355273,0.9981732
"Rac_S1P",17.5,1.01136,0.9820514,1.003364,0.9669832,0.9368311,0.9790779,1.003495,0.984786,1.009123,1.065867,1.036944,1.028895,0.9178377,0.9246417,0.9932671,0.9526474,0.9930512,0.979128,0.9555352,0.9622191,0.9724297,0.9959327,0.9465943,0.9849976,0.9460296,0.9640183,0.9448056,1.007244,0.8786879,0.9417722,0.9234454,0.9819009
"Rac_S1P",17.66667,0.9980019,0.9727407,0.9879608,0.9677787,0.9402255,0.9830898,1.006944,0.9784813,1.011693,1.063414,1.022438,1.026733,0.9253939,0.926901,0.9977521,0.9541271,0.9882724,0.9856309,0.9778384,0.9820228,0.9735716,0.9988334,0.9535379,0.9814009,0.9410361,0.9630647,0.939492,1.004481,0.8746554,0.9431091,0.9310845,0.9815031
"Rac_S1P",17.83333,1.013145,0.98155,1.008579,0.9699745,0.9413383,0.9889354,1.015825,0.983406,1.011775,1.061374,1.019953,1.02649,0.9297521,0.9218738,0.9926378,0.9510417,0.9946013,0.9698223,0.9888811,0.9909335,0.9750773,0.9976683,0.9440442,0.9888416,0.950663,0.9666281,0.9544464,1.010017,0.8827637,0.9413238,0.9343281,0.9874033
"Rac_S1P",18,1.011708,0.9904369,1.011413,0.9686468,0.9374444,0.9826327,1.00876,0.987186,1.007587,1.065387,1.04296,1.035492,0.9176571,0.9037929,0.9969481,0.9549045,0.9946172,0.9711285,0.9477327,0.9567532,0.9700466,0.9935395,0.9438129,0.9865741,0.9462097,0.964805,0.947581,1.008798,0.8867894,0.9389391,0.9335276,0.9820628
"Rac_S1P",18.16667,1.00845,0.987406,1.005835,0.9689456,0.9373866,0.9805155,1.008227,0.9859936,1.01161,1.054553,0.9879773,1.010746,0.9276697,0.9205825,0.9981099,0.9545164,0.9945808,0.9616232,0.9797823,0.9848722,0.9774759,0.999279,0.9381514,0.9930137,0.9529328,0.9673941,0.9528792,1.01123,0.8837566,0.9443846,0.9374042,0.9923435
"Rac_S1P",18.33333,1.010137,0.9794867,1.002708,0.9617118,0.9294744,0.9759556,0.9999064,0.9904022,1.008204,1.067674,1.017593,1.033062,0.9135103,0.9056031,0.9920287,0.9532462,0.9934815,0.9724134,0.9547411,0.9670259,0.9737735,0.9972343,0.9338884,0.9862431,0.941147,0.9652654,0.9410522,1.008987,0.8848762,0.9417876,0.938921,0.9941648
"Rac_S1P",18.5,1.005238,0.9761977,0.9972414,0.9695588,0.9460648,1.006355,1.006109,0.9940853,1.014099,1.047901,0.9821323,1.015331,0.9390408,0.9295,0.9993522,0.9552409,0.9975463,0.9617989,0.9696684,0.9714717,0.9775488,1.000539,0.9377735,0.9883788,0.9461253,0.9657815,0.9545409,1.010928,0.8926811,0.9451016,0.9243376,0.970973
"Rac_S1P",18.66667,0.992479,0.9685485,0.9808531,0.9635377,0.9344,0.983268,1.008432,0.9882795,1.007958,1.061811,1.011114,1.033685,0.9382564,0.9301835,0.9992634,0.9549858,0.9926519,0.9696508,0.9672548,0.9711148,0.9743484,0.9950596,0.9413276,0.9890325,0.9448516,0.9645979,0.9511024,1.008203,0.8800575,0.9385493,0.9353325,0.9919561
"Rac_S1P",18.83333,1.012943,0.9914795,1.010724,0.9674356,0.942642,0.9962049,1.022328,0.9888246,1.011084,1.054605,0.995536,1.021902,0.9443225,0.9311243,0.9933373,0.9531823,0.9948669,0.9716051,0.9691851,0.9713428,0.9798611,0.9974709,0.9435376,0.9916645,0.9498249,0.9642444,0.9548052,1.011149,0.8801462,0.9412768,0.9337507,0.9861623
"Rac_S1P",19,0.9993132,0.9795436,0.9908192,0.9640082,0.9421935,0.9851682,1.002883,0.989836,1.008523,1.062146,0.9968606,1.019027,0.9368501,0.9107215,0.9975928,0.9571755,0.9965344,0.9589901,0.9683715,0.9796337,0.9727525,0.9929876,0.9368382,0.9910924,0.9478543,0.9640448,0.9539613,1.010315,0.8809907,0.9359819,0.9359682,0.9833353
"Rac_S1P",19.16667,1.019655,0.992351,1.018596,0.9577038,0.9367433,0.9817195,0.9907786,1.000582,1.014009,1.05131,1.011233,1.029261,0.9392304,0.9204427,0.9967032,0.9529992,1.001193,0.967303,0.9570968,0.962519,0.9820603,1.001257,0.9404933,0.9891362,0.9437506,0.9626584,0.9488438,1.010206,0.8902139,0.9468837,0.9307624,0.979919
"Rac_S1P",19.33333,1.00488,0.981521,1.008882,0.9641398,0.9412168,0.98237,1.003668,0.9979149,1.013219,1.068048,1.005591,1.029503,0.9310671,0.913336,0.9986051,0.9526503,1.001689,0.9584509,0.9784169,0.9877104,0.9776599,0.9959431,0.9355868,0.9849914,0.9418513,0.9595932,0.9488831,1.009842,0.8852581,0.943237,0.94467,1.000955
"Rac_S1P",19.5,1.007843,0.9852516,1.006568,0.965285,0.9435816,0.9902006,1.009969,0.9866336,1.014437,1.067187,1.015681,1.028743,0.9373474,0.9212755,1.000347,0.9537551,0.9913306,0.9564024,0.9758765,0.9798546,0.9777153,0.9960027,0.9353557,0.9800146,0.9365003,0.955676,0.9381763,1.00478,0.8761562,0.945963,0.9381069,0.9875771
"Rac_S1P",19.66667,1.022334,1.002602,1.023503,0.960552,0.9392524,0.9858667,1.006031,0.9868554,1.012912,1.069743,1.01742,1.032498,0.9181591,0.9077513,0.9915735,0.9444376,0.9965059,0.958474,0.976669,0.986886,0.9768411,0.9960378,0.9298822,0.9895903,0.9481748,0.9592052,0.9549356,1.010625,0.878898,0.9488662,0.9402192,0.9891106
"Rac_S1P",19.83333,1.006203,0.9818321,1.003637,0.9555097,0.9304404,0.9737825,0.9988738,0.9810452,1.009523,1.071678,1.026039,1.031944,0.9356725,0.9209393,0.9978235,0.9510482,0.9903243,0.9688322,1.008164,1.009029,0.969909,0.9927499,0.9462052,0.9853556,0.9402134,0.9567893,0.9475154,1.012493,0.8722006,0.9455671,0.9371827,0.9889521
"Rac_S1P",20,1.009458,0.9779964,0.9947651,0.9635131,0.9363568,0.9842308,1.006181,0.9870683,1.009102,1.056762,1.000024,1.026371,0.9555125,0.9372386,0.9995737,0.9486589,0.9975164,0.9477653,0.9712291,0.9844025,0.9733496,0.9903433,0.933232,0.9782674,0.9396173,0.9598129,0.941498,1.008854,0.8821935,0.9466202,0.9382102,0.9857326
"Rho_S1P",0,0.9943188,0.9969409,0.9964694,1.000036,0.9988319,0.9977083,0.9995388,1.000958,0.9937519,1.010842,0.9947702,0.9930942,NA,NA,NA,NA,NA,NA,NA,NA,NA,NA,NA,NA,NA,NA,NA,NA,NA,NA,NA,NA
"Rho_S1P",0.1666667,0.9946348,0.9955967,1.007048,1.001699,1.00679,0.9979056,0.9984257,1.011693,1.009478,1.012,0.9998431,1.001059,NA,NA,NA,NA,NA,NA,NA,NA,NA,NA,NA,NA,NA,NA,NA,NA,NA,NA,NA,NA
"Rho_S1P",0.3333333,0.9993428,0.9999132,0.9940195,1.001171,0.9972478,0.9989341,0.9975411,1.002055,0.998606,0.994132,0.9955725,0.9960924,NA,NA,NA,NA,NA,NA,NA,NA,NA,NA,NA,NA,NA,NA,NA,NA,NA,NA,NA,NA
"Rho_S1P",0.5,0.9973301,0.9980598,1.005851,0.9942631,0.998798,1.010581,1.00737,0.990462,0.9912651,0.9918703,1.002037,1.001295,NA,NA,NA,NA,NA,NA,NA,NA,NA,NA,NA,NA,NA,NA,NA,NA,NA,NA,NA,NA
"Rho_S1P",0.6666667,0.9998922,1.001115,0.9928199,0.9993722,0.9983842,0.9993134,0.9973491,1.001745,1.017272,1.00059,1.009591,1.012727,NA,NA,NA,NA,NA,NA,NA,NA,NA,NA,NA,NA,NA,NA,NA,NA,NA,NA,NA,NA
"Rho_S1P",0.8333333,1.002039,1.000779,0.9992242,0.9970911,0.9965727,1.000385,1.002298,1.023241,1.007261,1.010844,1.000189,1.000937,NA,NA,NA,NA,NA,NA,NA,NA,NA,NA,NA,NA,NA,NA,NA,NA,NA,NA,NA,NA
"Rho_S1P",1,1.007273,1.005054,0.9968425,1.001887,1.000627,0.9953632,0.9980439,0.978505,0.983426,0.9868736,1.004892,1.004348,NA,NA,NA,NA,NA,NA,NA,NA,NA,NA,NA,NA,NA,NA,NA,NA,NA,NA,NA,NA
"Rho_S1P",1.166667,1.005431,1.0027,1.007905,1.004453,1.002745,0.9995961,0.9993345,0.9904069,0.9977974,0.9904239,0.9933417,0.9906775,NA,NA,NA,NA,NA,NA,NA,NA,NA,NA,NA,NA,NA,NA,NA,NA,NA,NA,NA,NA
"Rho_S1P",1.333333,1.008466,1.006013,0.9993364,1.000615,0.9981689,1.002938,1.004681,1.015155,1.011075,1.004229,0.9946559,1.003457,NA,NA,NA,NA,NA,NA,NA,NA,NA,NA,NA,NA,NA,NA,NA,NA,NA,NA,NA,NA
"Rho_S1P",1.5,1.00378,1.00174,0.9993834,0.9926597,0.9946485,1.003471,1.007374,1.007369,0.9953237,1.000376,0.9979149,1.009507,NA,NA,NA,NA,NA,NA,NA,NA,NA,NA,NA,NA,NA,NA,NA,NA,NA,NA,NA,NA
"Rho_S1P",1.666667,1.005783,1.002211,0.9996631,1.001663,0.9969353,1.004371,1.003258,1.013448,1.016492,1.007868,1.012097,1.016209,NA,NA,NA,NA,NA,NA,NA,NA,NA,NA,NA,NA,NA,NA,NA,NA,NA,NA,NA,NA
"Rho_S1P",1.833333,1.007442,1.00203,0.9966384,0.9934638,0.9932908,0.999642,1.000505,0.9993311,0.9996647,0.9990486,0.9962074,1.003368,NA,NA,NA,NA,NA,NA,NA,NA,NA,NA,NA,NA,NA,NA,NA,NA,NA,NA,NA,NA
"Rho_S1P",2,1.140845,1.076958,1.085555,1.098555,1.074615,1.047176,1.050218,1.033681,1.047611,1.024858,1.05807,1.067317,NA,NA,NA,NA,NA,NA,NA,NA,NA,NA,NA,NA,NA,NA,NA,NA,NA,NA,NA,NA
"Rho_S1P",2.166667,1.285688,1.155691,1.128009,1.152332,1.112517,1.121651,1.11462,1.135957,1.163026,1.074786,1.141694,1.158636,NA,NA,NA,NA,NA,NA,NA,NA,NA,NA,NA,NA,NA,NA,NA,NA,NA,NA,NA,NA
"Rho_S1P",2.333333,1.340949,1.182023,1.142842,1.173242,1.117338,1.176034,1.168,1.145311,1.182876,1.095136,1.172457,1.19491,NA,NA,NA,NA,NA,NA,NA,NA,NA,NA,NA,NA,NA,NA,NA,NA,NA,NA,NA,NA
"Rho_S1P",2.5,1.351823,1.195724,1.108332,1.162209,1.11255,1.171356,1.163011,1.107189,1.157773,1.081385,1.18404,1.193573,NA,NA,NA,NA,NA,NA,NA,NA,NA,NA,NA,NA,NA,NA,NA,NA,NA,NA,NA,NA
"Rho_S1P",2.666667,1.339838,1.181619,1.093579,1.149664,1.103463,1.157514,1.146407,1.132939,1.161948,1.090061,1.165766,1.170373,NA,NA,NA,NA,NA,NA,NA,NA,NA,NA,NA,NA,NA,NA,NA,NA,NA,NA,NA,NA
"Rho_S1P",2.833333,1.331748,1.182909,1.086964,1.138761,1.097421,1.116474,1.110357,1.104269,1.125838,1.074129,1.138976,1.136987,NA,NA,NA,NA,NA,NA,NA,NA,NA,NA,NA,NA,NA,NA,NA,NA,NA,NA,NA,NA
"Rho_S1P",3,1.32139,1.173879,1.079548,1.127249,1.085687,1.099823,1.089336,1.120988,1.138599,1.085761,1.111849,1.108772,NA,NA,NA,NA,NA,NA,NA,NA,NA,NA,NA,NA,NA,NA,NA,NA,NA,NA,NA,NA
"Rho_S1P",3.166667,1.315586,1.162862,1.066003,1.118553,1.076636,1.075945,1.070697,1.10742,1.122668,1.066654,1.088174,1.085544,NA,NA,NA,NA,NA,NA,NA,NA,NA,NA,NA,NA,NA,NA,NA,NA,NA,NA,NA,NA
"Rho_S1P",3.333333,1.303741,1.152261,1.056343,1.111772,1.069597,1.061991,1.058368,1.084929,1.103413,1.053506,1.076976,1.074119,NA,NA,NA,NA,NA,NA,NA,NA,NA,NA,NA,NA,NA,NA,NA,NA,NA,NA,NA,NA
"Rho_S1P",3.5,1.291836,1.151109,1.045772,1.095553,1.052648,1.047778,1.053883,1.092279,1.101134,1.048182,1.063994,1.059853,NA,NA,NA,NA,NA,NA,NA,NA,NA,NA,NA,NA,NA,NA,NA,NA,NA,NA,NA,NA
"Rho_S1P",3.666667,1.281653,1.153412,1.048167,1.090586,1.046562,1.038099,1.045604,1.118993,1.121678,1.060745,1.034345,1.039207,NA,NA,NA,NA,NA,NA,NA,NA,NA,NA,NA,NA,NA,NA,NA,NA,NA,NA,NA,NA
"Rho_S1P",3.833333,1.255713,1.135201,1.035915,1.082625,1.045824,1.041185,1.047941,1.083663,1.072417,1.034795,1.039785,1.038893,NA,NA,NA,NA,NA,NA,NA,NA,NA,NA,NA,NA,NA,NA,NA,NA,NA,NA,NA,NA
"Rho_S1P",4,1.228628,1.11904,1.030427,1.074142,1.03592,1.036476,1.042291,1.076984,1.078845,1.031767,1.019345,1.018266,NA,NA,NA,NA,NA,NA,NA,NA,NA,NA,NA,NA,NA,NA,NA,NA,NA,NA,NA,NA
"Rho_S1P",4.166667,1.206277,1.111278,1.044143,1.083397,1.047741,1.039337,1.041941,1.09179,1.080955,1.037875,1.021325,1.02372,NA,NA,NA,NA,NA,NA,NA,NA,NA,NA,NA,NA,NA,NA,NA,NA,NA,NA,NA,NA
"Rho_S1P",4.333334,1.167362,1.085099,1.036447,1.075614,1.036542,1.041867,1.045621,1.058204,1.051205,1.020138,1.024537,1.024265,NA,NA,NA,NA,NA,NA,NA,NA,NA,NA,NA,NA,NA,NA,NA,NA,NA,NA,NA,NA
"Rho_S1P",4.5,1.140471,1.070679,1.030929,1.05972,1.026911,1.036373,1.038008,1.058146,1.051913,1.020575,1.010865,1.017563,NA,NA,NA,NA,NA,NA,NA,NA,NA,NA,NA,NA,NA,NA,NA,NA,NA,NA,NA,NA
"Rho_S1P",4.666667,1.111737,1.056352,1.030892,1.067596,1.029308,1.024627,1.027949,1.030195,1.0189,0.9980479,1.007066,1.010205,NA,NA,NA,NA,NA,NA,NA,NA,NA,NA,NA,NA,NA,NA,NA,NA,NA,NA,NA,NA
"Rho_S1P",4.833334,1.097402,1.047771,1.049246,1.057768,1.02488,1.034733,1.034861,1.04576,1.032903,1.008215,1.008514,1.017358,NA,NA,NA,NA,NA,NA,NA,NA,NA,NA,NA,NA,NA,NA,NA,NA,NA,NA,NA,NA
"Rho_S1P",5,1.092984,1.044885,1.043724,1.045381,1.014703,1.026283,1.027337,1.059089,1.037211,1.012767,1.006144,1.011696,NA,NA,NA,NA,NA,NA,NA,NA,NA,NA,NA,NA,NA,NA,NA,NA,NA,NA,NA,NA
"Rho_S1P",5.166667,1.094416,1.0503,1.045519,1.063149,1.038182,1.026319,1.02561,1.038465,1.025902,1.008845,1.000546,1.01066,NA,NA,NA,NA,NA,NA,NA,NA,NA,NA,NA,NA,NA,NA,NA,NA,NA,NA,NA,NA
"Rho_S1P",5.333334,1.082797,1.03903,1.040403,1.062856,1.032606,1.026548,1.029803,1.048883,1.041203,1.014773,1.000557,1.006463,NA,NA,NA,NA,NA,NA,NA,NA,NA,NA,NA,NA,NA,NA,NA,NA,NA,NA,NA,NA
"Rho_S1P",5.5,1.082464,1.0385,1.050771,1.062364,1.033823,1.026791,1.028685,1.073838,1.065683,1.028615,1.013536,1.024368,NA,NA,NA,NA,NA,NA,NA,NA,NA,NA,NA,NA,NA,NA,NA,NA,NA,NA,NA,NA
"Rho_S1P",5.666667,1.079274,1.035091,1.034254,1.059386,1.033787,1.029204,1.034295,1.042568,1.037663,1.01434,1.020892,1.026356,NA,NA,NA,NA,NA,NA,NA,NA,NA,NA,NA,NA,NA,NA,NA,NA,NA,NA,NA,NA
"Rho_S1P",5.833334,1.082265,1.036428,1.041381,1.065929,1.037162,1.02789,1.032385,1.084015,1.080436,1.029716,1.018161,1.024835,NA,NA,NA,NA,NA,NA,NA,NA,NA,NA,NA,NA,NA,NA,NA,NA,NA,NA,NA,NA
"Rho_S1P",6,1.080348,1.039149,1.050739,1.067048,1.040038,1.031781,1.032477,1.070212,1.056,1.017837,1.024582,1.031103,NA,NA,NA,NA,NA,NA,NA,NA,NA,NA,NA,NA,NA,NA,NA,NA,NA,NA,NA,NA
"Rho_S1P",6.166667,1.086836,1.048283,1.041639,1.0607,1.030204,1.038402,1.039596,1.049348,1.047195,1.009177,1.016171,1.023327,NA,NA,NA,NA,NA,NA,NA,NA,NA,NA,NA,NA,NA,NA,NA,NA,NA,NA,NA,NA
"Rho_S1P",6.333334,1.086575,1.037528,1.042255,1.059107,1.031415,1.038712,1.041436,1.058842,1.047383,1.009617,1.024229,1.038214,NA,NA,NA,NA,NA,NA,NA,NA,NA,NA,NA,NA,NA,NA,NA,NA,NA,NA,NA,NA
"Rho_S1P",6.5,1.083111,1.039246,1.043427,1.071693,1.038915,1.03988,1.042451,1.054443,1.053306,1.016519,1.025012,1.0374,NA,NA,NA,NA,NA,NA,NA,NA,NA,NA,NA,NA,NA,NA,NA,NA,NA,NA,NA,NA
"Rho_S1P",6.666667,1.07484,1.03585,1.043016,1.079836,1.041522,1.043704,1.043261,1.033309,1.041265,1.00584,1.028125,1.042981,NA,NA,NA,NA,NA,NA,NA,NA,NA,NA,NA,NA,NA,NA,NA,NA,NA,NA,NA,NA
"Rho_S1P",6.833334,1.059415,1.009216,1.044466,1.066349,1.033602,1.043658,1.043986,1.064349,1.064334,1.016684,1.036381,1.049933,NA,NA,NA,NA,NA,NA,NA,NA,NA,NA,NA,NA,NA,NA,NA,NA,NA,NA,NA,NA
"Rho_S1P",7,1.081544,1.042561,1.037119,1.062914,1.030609,1.041989,1.041673,1.060693,1.073787,1.020063,1.03045,1.045857,NA,NA,NA,NA,NA,NA,NA,NA,NA,NA,NA,NA,NA,NA,NA,NA,NA,NA,NA,NA
"Rho_S1P",7.166667,1.097229,1.055386,1.03536,1.067237,1.033001,1.039826,1.042155,1.044825,1.05122,1.014749,1.030723,1.042315,NA,NA,NA,NA,NA,NA,NA,NA,NA,NA,NA,NA,NA,NA,NA,NA,NA,NA,NA,NA
"Rho_S1P",7.333334,1.114458,1.067886,1.044812,1.063189,1.028508,1.027893,1.02908,1.043293,1.047209,1.012126,1.033632,1.046854,NA,NA,NA,NA,NA,NA,NA,NA,NA,NA,NA,NA,NA,NA,NA,NA,NA,NA,NA,NA
"Rho_S1P",7.5,1.121423,1.071462,1.045373,1.066419,1.031694,1.042372,1.043921,1.063206,1.054255,1.028591,1.030998,1.045468,NA,NA,NA,NA,NA,NA,NA,NA,NA,NA,NA,NA,NA,NA,NA,NA,NA,NA,NA,NA
"Rho_S1P",7.666667,1.126924,1.072823,1.052658,1.07679,1.033161,1.038328,1.041704,1.0723,1.05631,1.029401,1.031962,1.04505,NA,NA,NA,NA,NA,NA,NA,NA,NA,NA,NA,NA,NA,NA,NA,NA,NA,NA,NA,NA
"Rho_S1P",7.833334,1.137488,1.085977,1.042445,1.068712,1.035105,1.035483,1.03921,1.052521,1.044083,1.022219,1.021838,1.033143,NA,NA,NA,NA,NA,NA,NA,NA,NA,NA,NA,NA,NA,NA,NA,NA,NA,NA,NA,NA
"Rho_S1P",8,1.142661,1.083927,1.042681,1.073085,1.029441,1.035541,1.03749,1.06377,1.050268,1.024861,1.020224,1.042702,NA,NA,NA,NA,NA,NA,NA,NA,NA,NA,NA,NA,NA,NA,NA,NA,NA,NA,NA,NA
"Rho_S1P",8.166667,1.134256,1.075687,1.034334,1.06502,1.025298,1.031654,1.037285,1.048546,1.048366,1.025217,1.03773,1.053557,NA,NA,NA,NA,NA,NA,NA,NA,NA,NA,NA,NA,NA,NA,NA,NA,NA,NA,NA,NA
"Rho_S1P",8.333333,1.131012,1.07419,1.038699,1.073187,1.035953,1.029066,1.033076,1.059418,1.052708,1.024776,1.029135,1.051683,NA,NA,NA,NA,NA,NA,NA,NA,NA,NA,NA,NA,NA,NA,NA,NA,NA,NA,NA,NA
"Rho_S1P",8.5,1.134767,1.078938,1.053561,1.062566,1.026082,1.032221,1.033418,1.049531,1.039556,1.025483,1.034233,1.055228,NA,NA,NA,NA,NA,NA,NA,NA,NA,NA,NA,NA,NA,NA,NA,NA,NA,NA,NA,NA
"Rho_S1P",8.666667,1.13178,1.074306,1.04122,1.06397,1.028939,1.027585,1.033488,1.065607,1.046791,1.028187,1.044796,1.063487,NA,NA,NA,NA,NA,NA,NA,NA,NA,NA,NA,NA,NA,NA,NA,NA,NA,NA,NA,NA
"Rho_S1P",8.833333,1.131901,1.080199,1.046771,1.062034,1.027323,1.025628,1.030309,1.042085,1.034028,1.024252,1.038083,1.059224,NA,NA,NA,NA,NA,NA,NA,NA,NA,NA,NA,NA,NA,NA,NA,NA,NA,NA,NA,NA
"Rho_S1P",9,1.129899,1.080514,1.050334,1.071842,1.035709,1.026401,1.028431,1.040623,1.040641,1.016201,1.036631,1.05794,NA,NA,NA,NA,NA,NA,NA,NA,NA,NA,NA,NA,NA,NA,NA,NA,NA,NA,NA,NA
"Rho_S1P",9.166667,1.129165,1.084859,1.045758,1.066908,1.028639,1.030349,1.03371,1.0375,1.035625,1.019894,1.021427,1.04809,NA,NA,NA,NA,NA,NA,NA,NA,NA,NA,NA,NA,NA,NA,NA,NA,NA,NA,NA,NA
"Rho_S1P",9.333333,1.131716,1.08448,1.054588,1.063934,1.026425,1.023573,1.031497,1.0375,1.035625,1.019894,1.017224,1.043703,NA,NA,NA,NA,NA,NA,NA,NA,NA,NA,NA,NA,NA,NA,NA,NA,NA,NA,NA,NA
"Rho_S1P",9.5,1.133123,1.079513,1.054236,1.082641,1.0417,1.028309,1.032359,1.058229,1.052595,1.026695,1.034624,1.053701,NA,NA,NA,NA,NA,NA,NA,NA,NA,NA,NA,NA,NA,NA,NA,NA,NA,NA,NA,NA
"Rho_S1P",9.666667,1.139592,1.085449,1.05966,1.063924,1.027954,1.021599,1.028046,1.076531,1.067219,1.039674,1.022809,1.037272,NA,NA,NA,NA,NA,NA,NA,NA,NA,NA,NA,NA,NA,NA,NA,NA,NA,NA,NA,NA
"Rho_S1P",9.833333,1.146032,1.094339,1.042788,1.074764,1.037394,1.030646,1.038507,1.065828,1.063742,1.039594,1.023987,1.041081,NA,NA,NA,NA,NA,NA,NA,NA,NA,NA,NA,NA,NA,NA,NA,NA,NA,NA,NA,NA
"Rho_S1P",10,1.149047,1.098078,1.059678,1.058425,1.022757,1.033103,1.041688,1.066745,1.059596,1.039422,1.025777,1.043161,NA,NA,NA,NA,NA,NA,NA,NA,NA,NA,NA,NA,NA,NA,NA,NA,NA,NA,NA,NA
