"X","Sample","Slice","CFP","YFP","Ratio","Time"
1,"Cell-01",1,1.03375881760161,0.990881191171936,0.958522601500846,2
2,"Cell-02",1,1.02526654009055,1.00523520292765,0.980462312599089,2
3,"Cell-03",1,1.02290076335878,1.00247454831019,0.980031088273393,2
4,"Cell-04",1,1.02508361204013,1.00028077377379,0.975804082735283,2
5,"Cell-01",2,1.02704064494458,0.999177691957534,0.97287064234099,4
6,"Cell-02",2,1.01504308456258,1.0013596279448,0.986519334178138,4
7,"Cell-03",2,1.014631043257,1.00258754138371,0.988130166178807,4
8,"Cell-04",2,1.01616499442586,1.00100691284395,0.985083050818454,4
9,"Cell-01",3,0.98925092374874,1.00152714350744,1.01240961162025,6
10,"Cell-02",3,0.990214692566087,1.00371038654095,1.01362905850235,6
11,"Cell-03",3,0.991094147582697,0.99710737731777,1.00606726389187,6
12,"Cell-04",3,0.991638795986622,1.00052282013051,1.00895893159873,6
13,"Cell-01",4,0.974135035270406,1.00519816155416,1.0318879058437,8
14,"Cell-02",4,0.98364247115525,0.999072403364762,1.01568652499458,8
15,"Cell-03",4,0.988549618320611,0.998406797663303,1.00997135516519,8
16,"Cell-04",4,0.986622073578595,1.00270123734098,1.01629718632187,8
17,"Cell-01",5,0.975814578434666,1.00321581180893,1.02808036893466,10
18,"Cell-02",5,0.985833211625529,0.990622379221835,1.00485798970843,10
19,"Cell-03",5,0.982824427480916,0.999423735325025,1.01688939283556,10
20,"Cell-04",5,0.980490523968785,0.995488255910772,1.01529615184987,10
21,"Cell-01",6,0.968256634195499,0.996607979324826,1.02928081680833,12
22,"Cell-02",6,0.978530743391266,0.990304709141274,1.01203229007318,12
23,"Cell-03",6,0.980916030534351,0.992757143987073,1.01207148530978,12
24,"Cell-04",6,0.979933110367893,0.991905969831342,1.01221803747294,12
25,"Cell-01",7,0.96573731944911,0.987283593486146,1.02231069836809,14
26,"Cell-02",7,0.972688768803856,0.993989682075783,1.02189900197791,14
27,"Cell-03",7,0.9764631043257,0.993774081648795,1.01772824518039,14
28,"Cell-04",7,0.971571906354515,0.996940534051081,1.02611091112314,14
29,"Cell-01",8,0.974974806852536,0.987283593486146,1.01262472275909,16
30,"Cell-02",8,0.971228275157003,0.993163739866324,1.0225852822353,16
31,"Cell-03",8,0.979007633587786,0.994621529700229,1.01594869700374,16
32,"Cell-04",8,0.97603121516165,0.994955753925992,1.01938927615262,16
33,"Cell-01",9,0.978333893181055,0.98669623059867,1.00854752909605,18
34,"Cell-02",9,0.975609756097561,0.99246486568909,1.01727648733132,18
35,"Cell-03",9,0.977735368956743,0.997502853075106,1.02021762201306,18
36,"Cell-04",9,0.978818283166109,0.996601669151676,1.01816822007865,18
37,"Cell-01",10,0.971615720524018,0.987136752764276,1.01597445565402,20
38,"Cell-02",10,0.974149262450708,0.990622379221835,1.01691025945006,20
39,"Cell-03",10,0.979007633587786,0.997163873854533,1.01854555536019,20
40,"Cell-04",10,0.977146042363434,0.997279398950487,1.02060424513244,20
41,"Cell-01",11,0.973295263688277,0.98669623059867,1.01376865521734,22
42,"Cell-02",11,0.979260990214692,0.987699814480673,1.00861754358675,22
43,"Cell-03",11,0.9764631043257,0.998802273420639,1.02287763766596,22
44,"Cell-04",11,0.974916387959866,1.00052282013051,1.02626525975651,22
45,"Cell-01",12,0.96657709103124,0.981116283167648,1.01504193744225,24
46,"Cell-02",12,0.982181977508398,0.985793793997306,1.00367733940514,24
47,"Cell-03",12,0.979007633587786,0.999819211082361,1.02125782964358,24
48,"Cell-04",12,0.969342251950948,1.00226555389888,1.03396457946785,24
49,"Cell-01",13,0.972455492106147,0.979574455588024,1.00732060597083,26
50,"Cell-02",13,0.988023952095808,0.980647538692216,0.992534175524849,26
51,"Cell-03",13,0.981552162849873,0.993265612817934,1.01193359906014,26
52,"Cell-04",13,0.967670011148272,0.997327808221831,1.03064866817394,26
53,"Cell-01",14,1.01948270070541,0.973921087796068,0.95530908677723,28
54,"Cell-02",14,1.02818752738426,0.970164426033698,0.9435675887859,28
55,"Cell-03",14,1.02162849872774,0.989988813685721,0.969030146397231,28
56,"Cell-04",14,0.998885172798216,0.983337528803516,0.984435003724056,28
57,"Cell-01",15,0.705408128988915,1.55673191289408,2.20685281175509,30
58,"Cell-02",15,0.411128961589017,1.5459096800427,3.76015757699905,30
59,"Cell-03",15,0.402035623409669,1.60461463712274,3.99122501512176,30
60,"Cell-04",15,0.411928651059086,1.5694769862324,3.81006997740316,30
61,"Cell-01",16,0.377897211958347,1.71377806493297,4.53503759938262,32
62,"Cell-02",16,0.37096538630057,1.74299219802282,4.69853054325286,32
63,"Cell-03",16,0.351781170483461,1.96257669404865,5.57897027675314,32
64,"Cell-04",16,0.345596432552954,1.81176538930736,5.24243082002807,32
65,"Cell-01",17,0.402250587840108,1.48500022026108,3.69172914882442,34
66,"Cell-02",17,0.38484007594567,1.48326514015604,3.85423772851932,34
67,"Cell-03",17,0.375318066157761,1.55082993412504,4.132041790584,34
68,"Cell-04",17,0.359531772575251,1.50151036926592,4.17629395730708,34
69,"Cell-01",18,0.440040309035942,1.42237265238396,3.23236899705881,36
70,"Cell-02",18,0.399445012414196,1.44914737350377,3.62790203523961,36
71,"Cell-03",18,0.385496183206107,1.52625394063344,3.95919339055407,36
72,"Cell-04",18,0.38015607580825,1.47188389520361,3.87178842814557,36
73,"Cell-01",19,0.534934497816594,1.32420962981454,2.47546126716351,38
74,"Cell-02",19,0.444720315466628,1.3946987216956,3.1361254999835,38
75,"Cell-03",19,0.424300254452926,1.4732601891504,3.4722114203065,38
76,"Cell-04",19,0.426978818283166,1.41645527951513,3.31739004105764,38
77,"Cell-01",20,0.628149143432986,1.26510623926227,2.01402207180951,40
78,"Cell-02",20,0.489995618519059,1.33891585554906,2.73250577136943,40
79,"Cell-03",20,0.482824427480916,1.40150958746229,2.90273131948711,40
80,"Cell-04",20,0.486064659977703,1.34761729566447,2.77250622525465,40
81,"Cell-01",21,0.621430970775949,1.30702926535587,2.10325736376455,42
82,"Cell-02",21,0.529428946984081,1.316234211797,2.48613948915146,42
83,"Cell-03",21,0.551526717557252,1.32393984248766,2.40049992201914,42
84,"Cell-04",21,0.539576365663322,1.29155935944852,2.39365443269695,42
85,"Cell-01",22,0.555928787369835,1.37876095798887,2.48010354799569,44
86,"Cell-02",22,0.525777712866949,1.33675569900125,2.54243507529487,44
87,"Cell-03",22,0.610687022900763,1.31523937582626,2.1537044779155,44
88,"Cell-04",22,0.594202898550725,1.26357880061189,2.12651066444441,44
89,"Cell-01",23,0.49630500503863,1.41958267866845,2.86030296744228,46
90,"Cell-02",23,0.498028333576749,1.37214414597576,2.75515277639179,46
91,"Cell-03",23,0.601145038167939,1.35529542039073,2.25452317550712,46
92,"Cell-04",23,0.597547380156076,1.28918730515268,2.1574645759738,46
93,"Cell-01",24,0.492106147127981,1.395427379921,2.8356227372183,48
94,"Cell-02",24,0.471739447933401,1.38675696968157,2.93966717381105,48
95,"Cell-03",24,0.559160305343511,1.39619891300663,2.49695641780026,48
96,"Cell-04",24,0.578595317725752,1.31953991828515,2.28059211310555,48
97,"Cell-01",25,0.535774269398724,1.35196252624778,2.52338084052642,50
98,"Cell-02",25,0.468818460639696,1.40238633764518,2.99132063983069,50
99,"Cell-03",25,0.524809160305344,1.41828905888069,2.70248533401266,50
100,"Cell-04",25,0.555183946488294,1.3401138586062,2.41381954050153,50
101,"Cell-01",26,0.603795767551226,1.29322623750018,2.14182726511157,52
102,"Cell-02",26,0.476851175697386,1.38815471803604,2.91108586658277,52
103,"Cell-03",26,0.522900763358779,1.41032304719721,2.69711414865451,52
104,"Cell-04",26,0.535674470457079,1.36175280289681,2.54212750093328,52
105,"Cell-01",27,0.665938864628821,1.29961380890148,1.95155122779305,54
106,"Cell-02",27,0.508251789104717,1.37449490457191,2.70435822172525,54
107,"Cell-03",27,0.559796437659033,1.38450412989684,2.47322783204299,54
108,"Cell-04",27,0.542920847268673,1.3645121313634,2.51328004483156,54
109,"Cell-01",28,0.620591199193819,1.37318101055785,2.21269816965127,56
110,"Cell-02",28,0.539652402512049,1.35765839030217,2.51580162338266,56
111,"Cell-03",28,0.583969465648855,1.35817674376561,2.32576671154633,56
112,"Cell-04",28,0.55406911928651,1.33982340297814,2.41815209752795,56
113,"Cell-01",29,0.542492442055761,1.41818769181069,2.61420728081761,58
114,"Cell-02",29,0.527238206513802,1.39031487458385,2.63697671641984,58
115,"Cell-03",29,0.596055979643766,1.36083208099344,2.28306086587159,58
116,"Cell-04",29,0.587513935340022,1.32002401099859,2.24679608703175,58
117,"Cell-01",30,0.531575411488075,1.40930382813762,2.65118325204783,60
118,"Cell-02",30,0.51774499780926,1.41763450151211,2.73809405694031,60
119,"Cell-03",30,0.591603053435115,1.36975853380188,2.31533377971672,60
120,"Cell-04",30,0.617056856187291,1.30404895145518,2.11333678311707,60
121,"Cell-01",31,0.554249244205576,1.36510477085505,2.46297994111242,62
122,"Cell-02",31,0.489265371695633,1.41623675315764,2.89461882055832,62
123,"Cell-03",31,0.570610687022901,1.39422153421995,2.44338489609115,62
124,"Cell-04",31,0.619286510590858,1.32099219642546,2.13308730907945,62
125,"Cell-01",32,0.617232112865301,1.29550226868915,2.09888993408849,64
126,"Cell-02",32,0.506791295457865,1.39120435080942,2.74512282132338,64
127,"Cell-03",32,0.552162849872774,1.39597292685958,2.52819060025722,64
128,"Cell-04",32,0.591973244147157,1.35332958968302,2.28613303567922,64
129,"Cell-01",33,0.69449109842123,1.21312462372065,1.74678210631989,66
130,"Cell-02",33,0.554257338980575,1.34215609037078,2.42153959177042,66
131,"Cell-03",33,0.560432569974555,1.3712274437577,2.44673046718173,66
132,"Cell-04",33,0.564102564102564,1.36736827837267,2.42397103893338,66
133,"Cell-01",34,0.749916022841787,1.25490080909238,1.67338844733169,68
134,"Cell-02",34,0.596611654739302,1.34526925716028,2.25484910741162,68
135,"Cell-03",34,0.604325699745547,1.32563473859052,2.19357664112032,68
136,"Cell-04",34,0.56298773690078,1.36407644792131,2.42292390848596,68
137,"Cell-01",35,0.664259321464562,1.35497276104609,2.03982498590858,70
138,"Cell-02",35,0.57908573097707,1.3879641159877,2.39681974833992,70
139,"Cell-03",35,0.657760814249364,1.28749957627597,1.95739780841957,70
140,"Cell-04",35,0.591415830546265,1.33149700830703,2.25137194430048,70
141,"Cell-01",36,0.566845817937521,1.42420816140732,2.51251419052421,72
142,"Cell-02",36,0.526507959690375,1.42945182850898,2.71496717608905,72
143,"Cell-03",36,0.683206106870229,1.27970305420278,1.87308491732474,72
144,"Cell-04",36,0.636566332218506,1.30109598590322,2.04392837014919,72
145,"Cell-01",37,0.527376553577427,1.41767374928415,2.68816226217766,74
146,"Cell-02",37,0.504600554987586,1.43300973341127,2.83988933275455,74
147,"Cell-03",37,0.680661577608142,1.30896826024565,1.92308234122071,74
148,"Cell-04",37,0.637123745819398,1.31092306798598,2.05756429043469,74
149,"Cell-01",38,0.560127645280484,1.35533986285077,2.41969821391708,76
150,"Cell-02",38,0.520665985102965,1.40048031716181,2.6897864604788,76
151,"Cell-03",38,0.624045801526718,1.37523869786782,2.20374641493192,76
152,"Cell-04",38,0.640468227424749,1.3085026044188,2.04304061995416,76
153,"Cell-01",39,0.634027544507894,1.29887960529214,2.0486169986515,78
154,"Cell-02",39,0.557908573097707,1.35568883580269,2.42994802584843,78
155,"Cell-03",39,0.552162849872774,1.42879741471848,2.58763771421365,78
156,"Cell-04",39,0.637123745819398,1.32592994210251,2.08111838681707,78
157,"Cell-01",40,0.688612697346322,1.28030425397571,1.85925159223693,80
158,"Cell-02",40,0.61486782532496,1.32919515108389,2.16175752956565,80
159,"Cell-03",40,0.518447837150127,1.42772398051999,2.75384306426679,80
160,"Cell-04",40,0.605908584169454,1.35928393005828,2.24338120563437,80
161,"Cell-01",41,0.66929795095734,1.32428305017547,1.97861512691211,82
162,"Cell-02",41,0.59296042062217,1.38427914305319,2.33452199322296,82
163,"Cell-03",41,0.537531806615776,1.38032338617643,2.56789155392822,82
164,"Cell-04",41,0.568561872909699,1.37947059620859,2.42624534274334,82
165,"Cell-01",42,0.586160564326503,1.412240642575,2.4093068154417,84
166,"Cell-02",42,0.526507959690375,1.44317517598922,2.74103201941698,84
167,"Cell-03",42,0.604325699745547,1.30473101998847,2.15898648781251,84
168,"Cell-04",42,0.555741360089186,1.38421470480026,2.49075344073387,84
169,"Cell-01",43,0.524857238831038,1.43478069338189,2.73365895948664,86
170,"Cell-02",43,0.490725865342486,1.44279397189255,2.9401221206989,86
171,"Cell-03",43,0.692748091603054,1.23569225206495,1.78375410490918,86
172,"Cell-04",43,0.559643255295429,1.38450516042833,2.47390663128328,86
173,"Cell-01",44,0.512260665099093,1.41055197427351,2.75358244420474,88
174,"Cell-02",44,0.503140061340733,1.40111565732293,2.78474278829902,88
175,"Cell-03",44,0.729007633587786,1.24382775335872,1.70619304387426,88
176,"Cell-04",44,0.567447045707915,1.35027980558837,2.37956971633156,88
177,"Cell-01",45,0.57020490426604,1.31613339011175,2.3081762016864,90
178,"Cell-02",45,0.560099313567986,1.32487483798826,2.36542842652037,90
179,"Cell-03",45,0.662849872773537,1.34326165806036,2.0264945551544,90
180,"Cell-04",45,0.602006688963211,1.32510698448967,2.20114993534673,90
181,"Cell-01",46,0.695330870003359,1.21327146444252,1.74488364717168,92
182,"Cell-02",46,0.636044983204323,1.29387023812549,2.03424328827675,92
183,"Cell-03",46,0.546437659033079,1.43337363419622,2.62312381019379,92
184,"Cell-04",46,0.616499442586399,1.32743062951416,2.15317409525173,92
185,"Cell-01",47,0.739838763856231,1.22927710312624,1.66154730352182,94
186,"Cell-02",47,0.62874251497006,1.35035197844926,2.14770267048597,94
187,"Cell-03",47,0.493638676844784,1.44744127185004,2.93218773111889,94
188,"Cell-04",47,0.614269788182832,1.33938771953605,2.18045514414489,94
189,"Cell-01",48,0.678535438360766,1.33037694013304,1.9606594805822,96
190,"Cell-02",48,0.541843142982328,1.42201834862385,2.62440960458963,96
191,"Cell-03",48,0.499363867684478,1.40371295239602,2.81100224352426,96
192,"Cell-04",48,0.590858416945373,1.35357163603973,2.29085614627857,96
193,"Cell-01",49,0.561807188444743,1.42589682970881,2.53805372917378,98
194,"Cell-02",49,0.492186358989338,1.43542402602353,2.91642382972793,98
195,"Cell-03",49,0.57824427480916,1.28992892735675,2.2307681780031,98
196,"Cell-04",49,0.578595317725752,1.35473345855198,2.34141794281528,98
197,"Cell-01",50,0.510581121934834,1.43103625497423,2.80275982306466,100
198,"Cell-02",50,0.501679567693881,1.40797733106305,2.80652715743485,100
199,"Cell-03",50,0.725826972010178,1.175071468119,1.61894158447246,100
200,"Cell-04",50,0.594202898550725,1.34558410626803,2.26451959347547,100
201,"Cell-01",51,0.526536781995297,1.3743557363328,2.61017992157113,102
202,"Cell-02",51,0.544033883452607,1.3365015629368,2.45665132924248,102
203,"Cell-03",51,0.797073791348601,1.17761381227331,1.47742131914895,102
204,"Cell-04",51,0.591973244147157,1.35095753538718,2.28212600610602,102
205,"Cell-01",52,0.626469600268727,1.24990822454883,1.99516181473559,104
206,"Cell-02",52,0.63458448955747,1.26280210424661,1.98996686024777,104
207,"Cell-03",52,0.739185750636132,1.26264110010056,1.70815129893123,104
208,"Cell-04",52,0.590858416945373,1.3416629552892,2.27070126583851,104
209,"Cell-01",53,0.744037621766879,1.1951366352917,1.60628522043494,106
210,"Cell-02",53,0.676938805316197,1.28967699306209,1.90516038219981,106
211,"Cell-03",53,0.622137404580153,1.37947593812499,2.21731715207821,106
212,"Cell-04",53,0.591415830546265,1.34427705594175,2.27298118601273,106
213,"Cell-01",54,0.738998992274101,1.24888033949575,1.68996216849038,108
214,"Cell-02",54,0.599532642033007,1.38180131642481,2.30479746980772,108
215,"Cell-03",54,0.512722646310433,1.43478604761528,2.79836683232161,108
216,"Cell-04",54,0.60479375696767,1.33198110102047,2.20237243800066,108
217,"Cell-01",55,0.649143432986228,1.36826184637524,2.10779586890509,110
218,"Cell-02",55,0.522126478749817,1.41877811380213,2.71730734131558,110
219,"Cell-03",55,0.499363867684478,1.41354334979266,2.830688083916,110
220,"Cell-04",55,0.617056856187291,1.32549425866042,2.14809096660957,110
221,"Cell-01",56,0.534094726234464,1.42450184285106,2.66713332463371,112
222,"Cell-02",56,0.503870308164159,1.41045515769143,2.79924245354006,112
223,"Cell-03",56,0.538167938931298,1.34823335329544,2.5052279330738,112
224,"Cell-04",56,0.608695652173913,1.33566020564258,2.19429890926996,112
225,"Cell-01",57,0.512260665099093,1.41091907607818,2.75429907507196,114
226,"Cell-02",57,0.530889440630933,1.35645124399604,2.55505410389019,114
227,"Cell-03",57,0.63295165394402,1.25218924079954,1.97833315229837,114
228,"Cell-04",57,0.598104793756968,1.34234068508801,2.24432356854416,114
229,"Cell-01",58,0.553409472623446,1.32009808960221,2.38539120652247,116
230,"Cell-02",58,0.609025850737549,1.2710615263412,2.08704035272379,116
231,"Cell-03",58,0.721374045801527,1.18727472005966,1.64585172833667,116
232,"Cell-04",58,0.588628762541806,1.33619270762736,2.2700092021624,116
233,"Cell-01",59,0.680214981525025,1.21679564176737,1.78883981508221,118
234,"Cell-02",59,0.678399298963049,1.25473328420036,1.8495497948159,118
235,"Cell-03",59,0.751908396946565,1.19586219364753,1.59043601388656,118
236,"Cell-04",59,0.603678929765886,1.32975427453866,2.20275084812775,118
237,"Cell-01",60,0.748236479677528,1.20681047268028,1.61287307617024,120
238,"Cell-02",60,0.633854242734044,1.34183842029022,2.11695107459151,120
239,"Cell-03",60,0.706106870229008,1.29343171263602,1.83177896600344,120
240,"Cell-04",60,0.618729096989966,1.31058420308658,2.11818744174533,120
241,"Cell-01",61,0.712126301645952,1.28353474985683,1.80239761807726,122
242,"Cell-02",61,0.539652402512049,1.41045515769143,2.6136363909914,122
243,"Cell-03",61,0.606234096692112,1.35941966757438,2.24240054294535,122
244,"Cell-04",61,0.632664437012263,1.30956760838836,2.06992448409578,122
245,"Cell-01",62,0.621430970775949,1.38155093170438,2.22317682361294,124
246,"Cell-02",62,0.500219074047028,1.41693562733488,2.83263014317136,124
247,"Cell-03",62,0.541348600508906,1.3889108597643,2.56564967279609,124
248,"Cell-04",62,0.629319955406912,1.33096450632225,2.11492499941729,124
249,"Cell-01",63,0.536614040980853,1.4164990235092,2.63969802377896,126
250,"Cell-02",63,0.51774499780926,1.37671859513584,2.65906691703669,126
251,"Cell-03",63,0.529898218829517,1.37941944158823,2.60317810585438,126
252,"Cell-04",63,0.60479375696767,1.33575702418527,2.20861576164827,126
253,"Cell-01",64,0.532415183070205,1.38022936520756,2.59239294651287,128
254,"Cell-02",64,0.582736965094202,1.30047777580116,2.23167201275954,128
255,"Cell-03",64,0.559796437659033,1.32348787019356,2.36423060448213,128
256,"Cell-04",64,0.603678929765886,1.32762426659954,2.19922246932555,128
257,"Cell-01",65,0.597077594894189,1.28544367924113,2.15289217052086,130
258,"Cell-02",65,0.658682634730539,1.25829118910265,1.91031480527402,130
259,"Cell-03",65,0.626590330788804,1.24620060790274,1.98886025951584,130
260,"Cell-04",65,0.595317725752508,1.32079855934008,2.21864477102632,130
261,"Cell-01",66,0.719684245885119,1.17722206722368,1.63574800192528,132
262,"Cell-02",66,0.675478311669344,1.27868560827467,1.89300764537441,132
263,"Cell-03",66,0.711195928753181,1.21812182913187,1.71277953076503,132
264,"Cell-04",66,0.617614269788183,1.31068102162926,2.12216764693402,132
265,"Cell-01",67,0.794423916694659,1.19366822807301,1.502558272716,134
266,"Cell-02",67,0.615598072148386,1.36089862512389,2.2106934486888,134
267,"Cell-03",67,0.708651399491094,1.22439294471249,1.72777891300542,134
268,"Cell-04",67,0.62876254180602,1.3050655461534,2.07560956542482,134
269,"Cell-01",68,0.71716493113873,1.27626613412432,1.77959919498271,136
270,"Cell-02",68,0.532349934277786,1.40416529009632,2.63767345440041,136
271,"Cell-03",68,0.673664122137405,1.27320595247511,1.88997144220102,136
272,"Cell-04",68,0.624860646599777,1.31469899115079,2.10398750234122,136
273,"Cell-01",69,0.630668458179375,1.3492459728932,2.13939028564744,138
274,"Cell-02",69,0.508251789104717,1.40486416427355,2.76411061286811,138
275,"Cell-03",69,0.613867684478372,1.33207534378143,2.1699714408543,138
276,"Cell-04",69,0.608138238573021,1.32341265999264,2.17617077179358,138
277,"Cell-01",70,0.557608330534095,1.38617641444325,2.48593203963709,140
278,"Cell-02",70,0.528698700160654,1.34711174362754,2.54797627309883,140
279,"Cell-03",70,0.555979643765903,1.35569089614807,2.43838225256837,140
280,"Cell-04",70,0.602564102564103,1.31866855140096,2.18842865977181,140
281,"Cell-01",71,0.537453812562983,1.39021453429465,2.58666791787198,142
282,"Cell-02",71,0.617788812618665,1.25714757681263,2.03491476558772,142
283,"Cell-03",71,0.541984732824427,1.34602998836171,2.48352011937161,142
284,"Cell-04",71,0.599777034559643,1.31847491431559,2.19827508948157,142
285,"Cell-01",72,0.553409472623446,1.33720503369995,2.41630311704081,144
286,"Cell-02",72,0.694464729078428,1.23599074944725,1.77977469221143,144
287,"Cell-03",72,0.573155216284987,1.29936384899606,2.26703659336493,144
288,"Cell-04",72,0.594202898550725,1.32665608117267,2.23266511221741,144
289,"Cell-01",73,0.637386630836413,1.25791104389069,1.97354475766144,146
290,"Cell-02",73,0.663064115671097,1.32087219497319,1.9920731099078,146
291,"Cell-03",73,0.63295165394402,1.25501406763765,1.98279609480039,146
292,"Cell-04",73,0.603678929765886,1.31256898321166,2.17428324642819,146
293,"Cell-01",74,0.702888814242526,1.22200848739372,1.73855162101368,148
294,"Cell-02",74,0.550606104863444,1.385867493456,2.51698533891067,148
295,"Cell-03",74,0.659033078880407,1.23789561699868,1.8783512644034,148
296,"Cell-04",74,0.615384615384615,1.29155935944852,2.09878395910385,148
297,"Cell-01",75,0.712126301645952,1.24880691913481,1.75363122559639,150
298,"Cell-02",75,0.506061048634438,1.40175099748405,2.76992469834728,150
299,"Cell-03",75,0.67175572519084,1.23642670704286,1.84058975707516,150
300,"Cell-04",75,0.635451505016722,1.29640028658289,2.04012466151728,150
301,"Cell-01",76,0.660900235136043,1.29770487951719,1.96354125861381,152
302,"Cell-02",76,0.511903023221849,1.37621032300694,2.68841999475849,152
303,"Cell-03",76,0.650127226463104,1.27252799403397,1.9573522569681,152
304,"Cell-04",76,0.623745819397993,1.30603373158027,2.09385568762735,152
305,"Cell-01",77,0.604635539133356,1.36811500565337,2.26271020657226,154
306,"Cell-02",77,0.578355484153644,1.29113827543267,2.23243024542613,154
307,"Cell-03",77,0.61323155216285,1.311736590547,2.13905593396253,154
308,"Cell-04",77,0.613154960981048,1.31484421896482,2.14439138983898,154
309,"Cell-01",78,0.54585152838428,1.38470800722456,2.5367850692354,156
310,"Cell-02",78,0.671827077552213,1.22315687819258,1.82064242282274,156
311,"Cell-03",78,0.568066157760814,1.33501316369307,2.35010156027491,156
312,"Cell-04",78,0.610367892976589,1.31595763220572,2.15600729879184,156
313,"Cell-01",79,0.555089015787706,1.34175709607788,2.41719266264682,158
314,"Cell-02",79,0.701036950489265,1.26216676408549,1.80042829868612,158
315,"Cell-03",79,0.562977099236641,1.31625631348798,2.33802816361933,158
316,"Cell-04",79,0.597547380156076,1.31973355537052,2.20858395367045,158
317,"Cell-01",80,0.610513940208263,1.27773454134301,2.09288348257394,160
318,"Cell-02",80,0.601723382503286,1.35924674070497,2.25892292077839,160
319,"Cell-03",80,0.584605597964377,1.27388391091626,2.17904843086002,160
320,"Cell-04",80,0.602006688963211,1.29736847200976,2.15507318406066,160
321,"Cell-01",81,0.686933154182062,1.21319804408158,1.76610786172659,162
322,"Cell-02",81,0.522856725573244,1.39787542250121,2.67353436253234,162
323,"Cell-03",81,0.636132315521629,1.24303680184405,1.95405385249884,162
324,"Cell-04",81,0.617056856187291,1.29465755281452,2.09811711811133,162
325,"Cell-01",82,0.725562646960027,1.21297778299878,1.6717753981423,164
326,"Cell-02",82,0.497298086753323,1.38218252052149,2.77938435183866,164
327,"Cell-03",82,0.657124681933842,1.22117264211704,1.85835759284413,164
328,"Cell-04",82,0.629319955406912,1.27592316480452,2.02746338145201,164
329,"Cell-01",83,0.708767215317434,1.27097986813703,1.79322609831467,166
330,"Cell-02",83,0.543303636629181,1.3271620625683,2.44276307591536,166
331,"Cell-03",83,0.66030534351145,1.24795200054237,1.88996198926069,166
332,"Cell-04",83,0.642697881828317,1.2902038998509,2.00748117635084,166
333,"Cell-01",84,0.600436681222707,1.35651458862572,2.2592133876021,168
334,"Cell-02",84,0.631663502263765,1.24240768507459,1.96688217796664,168
335,"Cell-03",84,0.631043256997456,1.26631337499011,2.00669821117385,168
336,"Cell-04",84,0.617614269788183,1.29093003892105,2.09018816771153,168
337,"Cell-01",85,0.54417198522002,1.36077296955992,2.50063032739499,170
338,"Cell-02",85,0.695194975901855,1.21006887087347,1.74061797455265,170
339,"Cell-03",85,0.625954198473282,1.25196325465249,2.0000876385302,170
340,"Cell-04",85,0.627090301003344,1.26120674631605,2.01120435812533,170
341,"Cell-01",86,0.554249244205576,1.32545777595043,2.39144715091177,172
342,"Cell-02",86,0.646998685555718,1.310007878218,2.02474581087102,172
343,"Cell-03",86,0.615776081424936,1.27744319273229,2.0745255154702,172
344,"Cell-04",86,0.627647714604236,1.28594388397266,2.04883066416248,172
345,"Cell-01",87,0.645784346657709,1.25989339363592,1.95095065428044,174
346,"Cell-02",87,0.549145611216591,1.40937507941752,2.56648701297121,174
347,"Cell-03",87,0.601145038167939,1.32139749833335,2.1981342511958,174
348,"Cell-04",87,0.618729096989966,1.29514164552795,2.09322892979923,174
349,"Cell-01",88,0.789385287201881,1.0414678198558,1.31934029774924,176
350,"Cell-02",88,0.547685117569739,1.22214033393479,2.2314652977204,176
351,"Cell-03",88,0.652671755725191,1.12846182529011,1.72898829371935,176
352,"Cell-04",88,0.666109253065775,1.13190558255717,1.69927917582223,176
353,"Cell-01",89,0.927107826671145,0.949692368687684,1.02436021071856,178
354,"Cell-02",89,0.80911348035636,0.971117436275382,1.20022402277573,178
355,"Cell-03",89,0.860050890585242,0.958633235782646,1.11462385107272,178
356,"Cell-04",89,0.875696767001115,0.953033324942393,1.08831431250583,178
357,"Cell-01",90,1.00184749748069,0.92935492870883,0.927641114087573,180
358,"Cell-02",90,0.972688768803856,0.924864672545681,0.950833095033075,180
359,"Cell-03",90,0.968193384223919,0.923944362210596,0.954297330745767,180
360,"Cell-04",90,0.98494983277592,0.917016827062719,0.931028968732608,180
361,"Cell-01",91,1.00184749748069,0.931851220980602,0.930132802970412,182
362,"Cell-02",91,0.98364247115525,0.923466924191212,0.93882376094094,182
363,"Cell-03",91,0.968193384223919,0.924396334504695,0.954764151012733,182
364,"Cell-04",91,0.99108138238573,0.916145460178533,0.924389738785314,182
365,"Cell-01",92,0.99177023849513,0.929795450874436,0.937510942338085,184
366,"Cell-02",92,0.968307287863298,0.927278965157946,0.957628819673673,184
367,"Cell-03",92,0.968193384223919,0.922588445328301,0.952896869944868,184
368,"Cell-04",92,0.991638795986622,0.918565923745716,0.926310998988091,184
369,"Cell-01",93,0.986731609002351,0.928253623294812,0.940735672016564,186
370,"Cell-02",93,0.971228275157003,0.925309410658467,0.952720832297522,186
371,"Cell-03",93,0.962468193384224,0.917899232777031,0.95369305613053,186
372,"Cell-04",93,0.984392419175028,0.913628178068664,0.92811378904597,186
373,"Cell-01",94,0.99009069533087,0.924362344165284,0.933613807830382,188
374,"Cell-02",94,0.966116547393019,0.925309410658467,0.957761683262059,188
375,"Cell-03",94,0.96501272264631,0.915074405938916,0.948251131269595,188
376,"Cell-04",94,0.987736900780379,0.914160680053444,0.925510304749367,188
377,"Cell-01",95,0.98925092374874,0.927152317880795,0.937226638482555,190
378,"Cell-02",95,0.966116547393019,0.928168441383517,0.960720985359477,190
379,"Cell-03",95,0.963740458015267,0.914509440571293,0.948916726454173,190
380,"Cell-04",95,0.98216276477146,0.91357976879732,0.930171455858338,190
381,"Cell-01",96,0.986731609002351,0.931337278454061,0.943860792496252,192
382,"Cell-02",96,0.969037534686724,0.931154540140791,0.960906576690882,192
383,"Cell-03",96,0.959287531806616,0.916938791652072,0.955853965833592,192
384,"Cell-04",96,0.985507246376812,0.917839784675561,0.931337428567849,192
385,"Cell-01",97,0.974974806852536,0.926491534632384,0.95027228203294,194
386,"Cell-02",97,0.961735066452461,0.931472210221353,0.968533063536158,194
387,"Cell-03",97,0.94910941475827,0.913097027152236,0.962056653272999,194
388,"Cell-04",97,0.977703455964325,0.916193869449877,0.937087686313044,194
389,"Cell-01",98,0.977494121598925,0.928767565821354,0.950151561323082,196
390,"Cell-02",98,0.957353585511903,0.932933492591934,0.974492086007166,196
391,"Cell-03",98,0.94910941475827,0.911571620659653,0.96044945554757,196
392,"Cell-04",98,0.976588628762542,0.918662742288403,0.94068547926107,196
393,"Cell-01",99,0.985052065838092,0.931630959897799,0.945768241301193,198
394,"Cell-02",99,0.971228275157003,0.936872601590892,0.96462657189366,198
395,"Cell-03",99,0.954834605597964,0.914113964813957,0.957353199658588,198
396,"Cell-04",99,0.984392419175028,0.920357066785431,0.934949364560058,198
397,"Cell-01",100,0.984212294255962,0.934127252169572,0.949111545975705,200
398,"Cell-02",100,0.966846794216445,0.938969224122595,0.971166507185409,200
399,"Cell-03",100,0.951017811704835,0.911684613733178,0.958640945009067,200
400,"Cell-04",100,0.974358974358974,0.925827314447263,0.950191191143244,200
401,"Cell-01",101,0.984212294255962,0.929134667626026,0.94403887560501,202
402,"Cell-02",101,0.966116547393019,0.933314696688607,0.966047729134829,202
403,"Cell-03",101,0.94529262086514,0.909933221093547,0.962594228505421,202
404,"Cell-04",101,0.972686733556299,0.921615707840366,0.947494888175138,202
405,"Cell-01",102,0.975814578434666,0.932512004229013,0.955624177827804,204
406,"Cell-02",102,0.971228275157003,0.93026506391522,0.957823292124438,204
407,"Cell-03",102,0.943384223918575,0.907390876939244,0.961846566789272,204
408,"Cell-04",102,0.974916387959866,0.9202118389714,0.943887958327439,204
409,"Cell-01",103,0.985052065838092,0.931557539536864,0.945693706803494,206
410,"Cell-02",103,0.977070249744414,0.927723703270731,0.949495395559745,206
411,"Cell-03",103,0.948473282442748,0.906543428887809,0.955792267076885,206
412,"Cell-04",103,0.979375696767001,0.922148209825146,0.9415673810053,206
413,"Cell-01",104,0.982532751091703,0.936696964802279,0.953349355287653,208
414,"Cell-02",104,0.984372717978677,0.935728989300872,0.950584034086509,208
415,"Cell-03",104,0.943384223918575,0.9127015513949,0.967475953332962,208
416,"Cell-04",104,0.97603121516165,0.928054140929071,0.95084473376742,208
417,"Cell-01",105,0.985891837420222,0.93442093361331,0.947792544929071,210
418,"Cell-02",105,0.982912224331824,0.935856057333096,0.9521257688796,210
419,"Cell-03",105,0.94910941475827,0.912306075637563,0.961223291489443,210
420,"Cell-04",105,0.979375696767001,0.926940727688167,0.946460822693552,210
421,"Cell-01",106,0.985052065838092,0.931998061702471,0.946140913789687,212
422,"Cell-02",106,0.982912224331824,0.935601921268647,0.951867214699321,212
423,"Cell-03",106,0.948473282442748,0.909481248799448,0.958889686863,212
424,"Cell-04",106,0.976588628762542,0.924810719749046,0.94698083974303,212
425,"Cell-01",107,0.988411152166611,0.934347513252375,0.945302479847858,214
426,"Cell-02",107,0.984372717978677,0.935411319220311,0.950261320875589,214
427,"Cell-03",107,0.943384223918575,0.910780669144981,0.965439792242691,214
428,"Cell-04",107,0.974358974358974,0.929748465426098,0.954215530305733,214
429,"Cell-01",108,0.997648639570037,0.937137486967886,0.939346228519662,216
430,"Cell-02",108,0.993865926683219,0.939604564283718,0.945403740139694,216
431,"Cell-03",108,0.9529262086514,0.91541338515949,0.960634073077916,216
432,"Cell-04",108,0.982720178372352,0.930426195224909,0.946786497012755,216
433,"Cell-01",109,0.999328182734296,0.930309393400978,0.930934811480575,218
434,"Cell-02",109,0.992405433036366,0.938778622074259,0.94596279990323,218
435,"Cell-03",109,0.956106870229008,0.910667676071457,0.952474774972941,218
436,"Cell-04",109,0.982720178372352,0.92790891311504,0.944224951859547,218
437,"Cell-01",110,0.985891837420222,0.932438583868078,0.945781827657672,220
438,"Cell-02",110,0.989484445742661,0.935983125365321,0.945930104704996,220
439,"Cell-03",110,0.9529262086514,0.911628117196416,0.956661815909723,220
440,"Cell-04",110,0.978818283166109,0.926650272060105,0.946703068380312,220
441,"Cell-01",111,0.990930466913,0.933466468921161,0.942010060331626,222
442,"Cell-02",111,0.985833211625529,0.942463595008768,0.956007145929635,222
443,"Cell-03",111,0.953562340966921,0.915074405938916,0.959637735914594,222
444,"Cell-04",111,0.974916387959866,0.930329376682222,0.954265810044544,222
445,"Cell-01",112,0.983372522673833,0.933539889282096,0.94932476529216,224
446,"Cell-02",112,0.985833211625529,0.942336526976543,0.955878251882725,224
447,"Cell-03",112,0.94910941475827,0.912927537541949,0.961878075747951,224
448,"Cell-04",112,0.974358974358974,0.93110392502372,0.955606659892766,224
449,"Cell-01",113,0.983372522673833,0.935889340832,0.951713942837528,226
450,"Cell-02",113,0.985833211625529,0.939413962235381,0.952913688803801,226
451,"Cell-03",113,0.950381679389313,0.91394447520367,0.961660451820729,226
452,"Cell-04",113,0.975473801560758,0.930426195224909,0.953819768133422,226
453,"Cell-01",114,0.980853207927444,0.934127252169572,0.952361927982471,228
454,"Cell-02",114,0.986563458448956,0.939731632315942,0.952530345887085,228
455,"Cell-03",114,0.942111959287532,0.912249579100801,0.96830272677006,228
456,"Cell-04",114,0.971571906354515,0.93057142303894,0.957799846776741,228
457,"Cell-01",115,0.983372522673833,0.93508171686172,0.950892663056308,230
458,"Cell-02",115,0.988754198919235,0.939477496251493,0.950162838527914,230
459,"Cell-03",115,0.943384223918575,0.913605495983096,0.968434146787207,230
460,"Cell-04",115,0.972129319955407,0.929070735627287,0.95570693791018,230
461,"Cell-01",116,0.981692979509573,0.934641194696113,0.952070773861532,232
462,"Cell-02",116,0.98364247115525,0.939541030267605,0.955165172122093,232
463,"Cell-03",116,0.943384223918575,0.914283454424244,0.96915279187789,232
464,"Cell-04",116,0.975473801560758,0.92844141509982,0.951785084965187,232
465,"Cell-01",117,0.980853207927444,0.92935492870883,0.947496446152803,234
466,"Cell-02",117,0.97780049656784,0.942654197057105,0.964055756123972,234
467,"Cell-03",117,0.942111959287532,0.912419068711088,0.968482630664301,234
468,"Cell-04",117,0.969342251950948,0.922777530352613,0.951962558627135,234
469,"Cell-01",118,0.978333893181055,0.93508171686172,0.955789964325267,236
470,"Cell-02",118,0.992405433036366,0.942717731073217,0.949932053665683,236
471,"Cell-03",118,0.946564885496183,0.914565937108055,0.966194659364155,236
472,"Cell-04",118,0.974916387959866,0.926940727688167,0.950789974541207,236
473,"Cell-01",119,0.983372522673833,0.93655012408041,0.952385899022162,238
474,"Cell-02",119,0.998977654447203,0.94081171058985,0.941774529591916,238
475,"Cell-03",119,0.947837150127227,0.91665630896826,0.967103166240339,238
476,"Cell-04",119,0.977146042363434,0.930474604496253,0.952236988286525,238
477,"Cell-01",120,0.983372522673833,0.935301977944524,0.951116648451186,240
478,"Cell-02",120,0.999707901270629,0.940621108541513,0.940895943050948,240
479,"Cell-03",120,0.953562340966921,0.914057468277194,0.95857127427068,240
480,"Cell-04",120,0.981605351170568,0.928683461456538,0.946086388332214,240
481,"Cell-01",121,0.988411152166611,0.935448818666393,0.946416697763755,242
482,"Cell-02",121,0.993865926683219,0.943480139266563,0.949303234909355,242
483,"Cell-03",121,0.949745547073791,0.914961412865391,0.963375312139581,242
484,"Cell-04",121,0.979933110367893,0.927424820401603,0.946416454949077,242
