index,Mutation,ddG (kcal/mol),pos,wtAA,mutAA
0,M1A,-0.455,1,M,A
1,M1D,0.2474,1,M,D
2,M1E,0.2915,1,M,E
3,M1F,-0.2883,1,M,F
4,M1G,0.0521,1,M,G
5,M1H,-0.1204,1,M,H
6,M1I,-0.2605,1,M,I
7,M1K,0.2297,1,M,K
8,M1L,0.0206,1,M,L
9,M1M,0.0,1,M,M
10,M1N,0.2121,1,M,N
11,M1P,-0.2933,1,M,P
12,M1Q,0.167,1,M,Q
13,M1R,0.147,1,M,R
14,M1S,-0.0914,1,M,S
15,M1T,-0.175,1,M,T
16,M1V,-0.3566,1,M,V
17,M1W,-0.2948,1,M,W
18,M1Y,-0.2773,1,M,Y
19,T2A,0.6041,2,T,A
20,T2D,0.8738,2,T,D
21,T2E,0.4453,2,T,E
22,T2F,0.0645,2,T,F
23,T2G,1.2472,2,T,G
24,T2H,0.1997,2,T,H
25,T2I,-0.2655,2,T,I
26,T2K,0.3695,2,T,K
27,T2L,0.1751,2,T,L
28,T2M,0.2572,2,T,M
29,T2N,0.6487,2,T,N
30,T2P,1.3059,2,T,P
31,T2Q,0.4286,2,T,Q
32,T2R,0.2824,2,T,R
33,T2S,0.496,2,T,S
34,T2T,0.0,2,T,T
35,T2V,-0.2424,2,T,V
36,T2W,0.0028,2,T,W
37,T2Y,-0.0904,2,T,Y
38,Y3A,4.1187,3,Y,A
39,Y3D,4.5864,3,Y,D
40,Y3E,4.3324,3,Y,E
41,Y3F,1.1841,3,Y,F
42,Y3G,4.2994,3,Y,G
43,Y3H,2.944,3,Y,H
44,Y3I,3.3792,3,Y,I
45,Y3K,4.0998,3,Y,K
46,Y3L,3.4994,3,Y,L
47,Y3M,3.5126,3,Y,M
48,Y3N,4.2304,3,Y,N
49,Y3P,4.0845,3,Y,P
50,Y3Q,4.2176,3,Y,Q
51,Y3R,3.7114,3,Y,R
52,Y3S,4.3023,3,Y,S
53,Y3T,4.0946,3,Y,T
54,Y3V,3.6632,3,Y,V
55,Y3W,1.1171,3,Y,W
56,Y3Y,0.0,3,Y,Y
57,K4A,1.0952,4,K,A
58,K4D,2.459,4,K,D
59,K4E,1.8591,4,K,E
60,K4F,0.3403,4,K,F
61,K4G,2.0177,4,K,G
62,K4H,0.6437,4,K,H
63,K4I,0.0493,4,K,I
64,K4K,0.0,4,K,K
65,K4L,0.4869,4,K,L
66,K4M,0.3452,4,K,M
67,K4N,1.2316,4,K,N
68,K4P,2.2116,4,K,P
69,K4Q,0.8595,4,K,Q
70,K4R,-0.2014,4,K,R
71,K4S,0.7253,4,K,S
72,K4T,0.1796,4,K,T
73,K4V,0.3684,4,K,V
74,K4W,0.6366,4,K,W
75,K4Y,0.2535,4,K,Y
76,L5A,2.571,5,L,A
77,L5D,3.4082,5,L,D
78,L5E,3.2021,5,L,E
79,L5F,1.4188,5,L,F
80,L5G,3.0725,5,L,G
81,L5H,3.0812,5,L,H
82,L5I,1.3688,5,L,I
83,L5K,3.1719,5,L,K
84,L5L,0.0,5,L,L
85,L5M,1.191,5,L,M
86,L5N,3.3606,5,L,N
87,L5P,3.3111,5,L,P
88,L5Q,3.2286,5,L,Q
89,L5R,3.1701,5,L,R
90,L5S,3.1955,5,L,S
91,L5T,3.0965,5,L,T
92,L5V,1.8739,5,L,V
93,L5W,1.9202,5,L,W
94,L5Y,2.1052,5,L,Y
95,I6A,1.765,6,I,A
96,I6D,2.3335,6,I,D
97,I6E,1.9242,6,I,E
98,I6F,0.6588,6,I,F
99,I6G,2.6903,6,I,G
100,I6H,1.3177,6,I,H
101,I6I,0.0,6,I,I
102,I6K,1.4245,6,I,K
103,I6L,0.9489,6,I,L
104,I6M,1.1134,6,I,M
105,I6N,1.9336,6,I,N
106,I6P,2.891,6,I,P
107,I6Q,1.642,6,I,Q
108,I6R,1.3115,6,I,R
109,I6S,1.8344,6,I,S
110,I6T,1.2832,6,I,T
111,I6V,0.348,6,I,V
112,I6W,1.0175,6,I,W
113,I6Y,0.7619,6,I,Y
114,L7A,1.6583,7,L,A
115,L7D,2.9861,7,L,D
116,L7E,2.6341,7,L,E
117,L7F,0.4152,7,L,F
118,L7G,2.6062,7,L,G
119,L7H,2.1766,7,L,H
120,L7I,-0.1754,7,L,I
121,L7K,2.6482,7,L,K
122,L7L,0.0,7,L,L
123,L7M,0.4482,7,L,M
124,L7N,2.6031,7,L,N
125,L7P,2.3722,7,L,P
126,L7Q,2.4665,7,L,Q
127,L7R,2.5124,7,L,R
128,L7S,2.0708,7,L,S
129,L7T,1.5239,7,L,T
130,L7V,0.1214,7,L,V
131,L7W,0.5447,7,L,W
132,L7Y,0.8315,7,L,Y
133,N8A,0.3372,8,N,A
134,N8D,0.861,8,N,D
135,N8E,0.629,8,N,E
136,N8F,-0.3948,8,N,F
137,N8G,1.1121,8,N,G
138,N8H,-0.2295,8,N,H
139,N8I,-0.2051,8,N,I
140,N8K,-0.0339,8,N,K
141,N8L,-0.2135,8,N,L
142,N8M,-0.1021,8,N,M
143,N8N,0.0,8,N,N
144,N8P,1.9069,8,N,P
145,N8Q,0.2339,8,N,Q
146,N8R,-0.2111,8,N,R
147,N8S,0.4419,8,N,S
148,N8T,0.2832,8,N,T
149,N8V,-0.1324,8,N,V
150,N8W,-0.4718,8,N,W
151,N8Y,-0.5168,8,N,Y
152,G9A,0.1406,9,G,A
153,G9D,1.6119,9,G,D
154,G9E,1.7323,9,G,E
155,G9F,-0.392,9,G,F
156,G9G,0.0,9,G,G
157,G9H,0.9059,9,G,H
158,G9I,-0.247,9,G,I
159,G9K,1.1847,9,G,K
160,G9L,0.1222,9,G,L
161,G9M,0.135,9,G,M
162,G9N,1.3779,9,G,N
163,G9P,1.9159,9,G,P
164,G9Q,1.0298,9,G,Q
165,G9R,1.0728,9,G,R
166,G9S,0.1211,9,G,S
167,G9T,0.1915,9,G,T
168,G9V,-0.2699,9,G,V
169,G9W,-0.3812,9,G,W
170,G9Y,-0.0772,9,G,Y
171,K10A,0.2207,10,K,A
172,K10D,0.2232,10,K,D
173,K10E,0.1774,10,K,E
174,K10F,0.1859,10,K,F
175,K10G,0.5353,10,K,G
176,K10H,0.1975,10,K,H
177,K10I,0.1653,10,K,I
178,K10K,0.0,10,K,K
179,K10L,0.0668,10,K,L
180,K10M,0.2581,10,K,M
181,K10N,0.1946,10,K,N
182,K10P,0.4881,10,K,P
183,K10Q,0.2213,10,K,Q
184,K10R,0.0209,10,K,R
185,K10S,0.0294,10,K,S
186,K10T,-0.1453,10,K,T
187,K10V,0.1848,10,K,V
188,K10W,0.2235,10,K,W
189,K10Y,0.1744,10,K,Y
190,T11A,0.5049,11,T,A
191,T11D,0.4384,11,T,D
192,T11E,0.306,11,T,E
193,T11F,-0.3276,11,T,F
194,T11G,0.8418,11,T,G
195,T11H,0.1092,11,T,H
196,T11I,0.1769,11,T,I
197,T11K,0.5144,11,T,K
198,T11L,0.1364,11,T,L
199,T11M,0.226,11,T,M
200,T11N,0.2834,11,T,N
201,T11P,1.4208,11,T,P
202,T11Q,0.4127,11,T,Q
203,T11R,0.5021,11,T,R
204,T11S,0.305,11,T,S
205,T11T,0.0,11,T,T
206,T11V,0.1866,11,T,V
207,T11W,-0.2914,11,T,W
208,T11Y,-0.3341,11,T,Y
209,L12A,0.4529,12,L,A
210,L12D,0.7511,12,L,D
211,L12E,0.5649,12,L,E
212,L12F,-0.2046,12,L,F
213,L12G,0.8311,12,L,G
214,L12H,0.2604,12,L,H
215,L12I,-0.1103,12,L,I
216,L12K,0.3507,12,L,K
217,L12L,0.0,12,L,L
218,L12M,0.1585,12,L,M
219,L12N,0.5489,12,L,N
220,L12P,0.9235,12,L,P
221,L12Q,0.4512,12,L,Q
222,L12R,0.323,12,L,R
223,L12S,0.5325,12,L,S
224,L12T,0.3121,12,L,T
225,L12V,-0.0298,12,L,V
226,L12W,-0.2093,12,L,W
227,L12Y,-0.1868,12,L,Y
228,K13A,0.3867,13,K,A
229,K13D,1.0154,13,K,D
230,K13E,0.8347,13,K,E
231,K13F,0.1506,13,K,F
232,K13G,0.9659,13,K,G
233,K13H,0.1694,13,K,H
234,K13I,-0.0332,13,K,I
235,K13K,0.0,13,K,K
236,K13L,0.4023,13,K,L
237,K13M,0.238,13,K,M
238,K13N,0.6738,13,K,N
239,K13P,1.3025,13,K,P
240,K13Q,0.203,13,K,Q
241,K13R,-0.059,13,K,R
242,K13S,0.3961,13,K,S
243,K13T,0.3581,13,K,T
244,K13V,-0.1006,13,K,V
245,K13W,0.2532,13,K,W
246,K13Y,0.1043,13,K,Y
247,G14A,-0.0483,14,G,A
248,G14D,0.623,14,G,D
249,G14E,0.1416,14,G,E
250,G14F,-1.567,14,G,F
251,G14G,0.0,14,G,G
252,G14H,-0.1527,14,G,H
253,G14I,-0.8339,14,G,I
254,G14K,0.3572,14,G,K
255,G14L,-0.8549,14,G,L
256,G14M,-0.8789,14,G,M
257,G14N,0.3168,14,G,N
258,G14P,0.9731,14,G,P
259,G14Q,0.0749,14,G,Q
260,G14R,0.2508,14,G,R
261,G14S,-0.0436,14,G,S
262,G14T,-0.3234,14,G,T
263,G14V,-0.7193,14,G,V
264,G14W,-1.2121,14,G,W
265,G14Y,-1.1628,14,G,Y
266,E15A,0.5923,15,E,A
267,E15D,0.5103,15,E,D
268,E15E,0.0,15,E,E
269,E15F,-0.4981,15,E,F
270,E15G,1.3661,15,E,G
271,E15H,0.2462,15,E,H
272,E15I,-0.3899,15,E,I
273,E15K,0.7617,15,E,K
274,E15L,-0.003,15,E,L
275,E15M,-0.0195,15,E,M
276,E15N,0.664,15,E,N
277,E15P,1.589,15,E,P
278,E15Q,0.4189,15,E,Q
279,E15R,0.6071,15,E,R
280,E15S,0.3513,15,E,S
281,E15T,-0.0645,15,E,T
282,E15V,-0.3899,15,E,V
283,E15W,-0.51,15,E,W
284,E15Y,-0.3904,15,E,Y
285,T16A,0.0174,16,T,A
286,T16D,1.7725,16,T,D
287,T16E,0.9665,16,T,E
288,T16F,-0.7213,16,T,F
289,T16G,1.4245,16,T,G
290,T16H,0.0621,16,T,H
291,T16I,-1.1883,16,T,I
292,T16K,-0.0565,16,T,K
293,T16L,-0.8068,16,T,L
294,T16M,-1.0365,16,T,M
295,T16N,0.8413,16,T,N
296,T16P,2.3519,16,T,P
297,T16Q,0.1163,16,T,Q
298,T16R,-0.504,16,T,R
299,T16S,0.3658,16,T,S
300,T16T,0.0,16,T,T
301,T16V,-0.9658,16,T,V
302,T16W,-0.65,16,T,W
303,T16Y,-0.6389,16,T,Y
304,T17A,0.7688,17,T,A
305,T17D,1.0788,17,T,D
306,T17E,0.602,17,T,E
307,T17F,0.1465,17,T,F
308,T17G,1.4628,17,T,G
309,T17H,0.2701,17,T,H
310,T17I,0.1972,17,T,I
311,T17K,0.7311,17,T,K
312,T17L,0.4132,17,T,L
313,T17M,0.4011,17,T,M
314,T17N,0.7388,17,T,N
315,T17P,2.1106,17,T,P
316,T17Q,0.5384,17,T,Q
317,T17R,0.6345,17,T,R
318,T17S,0.4099,17,T,S
319,T17T,0.0,17,T,T
320,T17V,0.1737,17,T,V
321,T17W,0.0321,17,T,W
322,T17Y,-0.093,17,T,Y
323,T18A,0.3422,18,T,A
324,T18D,2.5667,18,T,D
325,T18E,1.8386,18,T,E
326,T18F,0.2369,18,T,F
327,T18G,1.6084,18,T,G
328,T18H,1.2408,18,T,H
329,T18I,-0.0642,18,T,I
330,T18K,1.521,18,T,K
331,T18L,0.4838,18,T,L
332,T18M,0.3285,18,T,M
333,T18N,1.7102,18,T,N
334,T18P,2.4599,18,T,P
335,T18Q,1.4962,18,T,Q
336,T18R,1.292,18,T,R
337,T18S,0.5915,18,T,S
338,T18T,0.0,18,T,T
339,T18V,-0.1968,18,T,V
340,T18W,0.6225,18,T,W
341,T18Y,0.389,18,T,Y
342,E19A,0.2874,19,E,A
343,E19D,0.2271,19,E,D
344,E19E,0.0,19,E,E
345,E19F,-0.4139,19,E,F
346,E19G,0.9708,19,E,G
347,E19H,-0.0374,19,E,H
348,E19I,-0.2578,19,E,I
349,E19K,0.3352,19,E,K
350,E19L,0.0091,19,E,L
351,E19M,-0.0386,19,E,M
352,E19N,0.3228,19,E,N
353,E19P,1.5949,19,E,P
354,E19Q,0.1056,19,E,Q
355,E19R,0.2127,19,E,R
356,E19S,0.1656,19,E,S
357,E19T,-0.0343,19,E,T
358,E19V,-0.2722,19,E,V
359,E19W,-0.4622,19,E,W
360,E19Y,-0.3743,19,E,Y
361,A20A,0.0,20,A,A
362,A20D,1.9235,20,A,D
363,A20E,1.8222,20,A,E
364,A20F,1.5149,20,A,F
365,A20G,1.4271,20,A,G
366,A20H,1.4014,20,A,H
367,A20I,1.7585,20,A,I
368,A20K,1.6908,20,A,K
369,A20L,1.5296,20,A,L
370,A20M,1.267,20,A,M
371,A20N,1.7052,20,A,N
372,A20P,2.2752,20,A,P
373,A20Q,1.5434,20,A,Q
374,A20R,1.6062,20,A,R
375,A20S,1.0022,20,A,S
376,A20T,1.5966,20,A,T
377,A20V,1.425,20,A,V
378,A20W,1.4081,20,A,W
379,A20Y,1.3625,20,A,Y
380,V21A,-0.0007,21,V,A
381,V21D,0.0967,21,V,D
382,V21E,0.2063,21,V,E
383,V21F,0.3371,21,V,F
384,V21G,0.3379,21,V,G
385,V21H,0.2251,21,V,H
386,V21I,0.1826,21,V,I
387,V21K,0.2713,21,V,K
388,V21L,0.1463,21,V,L
389,V21M,0.2554,21,V,M
390,V21N,0.2906,21,V,N
391,V21P,0.1506,21,V,P
392,V21Q,0.1765,21,V,Q
393,V21R,0.2976,21,V,R
394,V21S,0.1243,21,V,S
395,V21T,0.1989,21,V,T
396,V21V,0.0,21,V,V
397,V21W,0.3192,21,V,W
398,V21Y,0.4015,21,V,Y
399,D22A,2.0649,22,D,A
400,D22D,0.0,22,D,D
401,D22E,1.7841,22,D,E
402,D22F,1.9729,22,D,F
403,D22G,1.9751,22,D,G
404,D22H,1.8618,22,D,H
405,D22I,2.2797,22,D,I
406,D22K,2.2071,22,D,K
407,D22L,2.0761,22,D,L
408,D22M,2.1599,22,D,M
409,D22N,0.7263,22,D,N
410,D22P,2.794,22,D,P
411,D22Q,2.0769,22,D,Q
412,D22R,2.1682,22,D,R
413,D22S,1.2567,22,D,S
414,D22T,1.8094,22,D,T
415,D22V,2.3394,22,D,V
416,D22W,2.0377,22,D,W
417,D22Y,2.2885,22,D,Y
418,A23A,0.0,23,A,A
419,A23D,1.0869,23,A,D
420,A23E,0.6717,23,A,E
421,A23F,0.5381,23,A,F
422,A23G,0.7562,23,A,G
423,A23H,0.4454,23,A,H
424,A23I,0.2704,23,A,I
425,A23K,-0.0634,23,A,K
426,A23L,0.4792,23,A,L
427,A23M,0.4015,23,A,M
428,A23N,0.8096,23,A,N
429,A23P,0.5976,23,A,P
430,A23Q,0.3118,23,A,Q
431,A23R,-0.1011,23,A,R
432,A23S,0.4522,23,A,S
433,A23T,0.6255,23,A,T
434,A23V,0.2085,23,A,V
435,A23W,0.4126,23,A,W
436,A23Y,0.4612,23,A,Y
437,A24A,0.0,24,A,A
438,A24D,0.2549,24,A,D
439,A24E,0.1186,24,A,E
440,A24F,0.3421,24,A,F
441,A24G,0.4451,24,A,G
442,A24H,0.2564,24,A,H
443,A24I,0.1692,24,A,I
444,A24K,0.154,24,A,K
445,A24L,0.1699,24,A,L
446,A24M,0.2525,24,A,M
447,A24N,0.3457,24,A,N
448,A24P,0.6841,24,A,P
449,A24Q,0.1981,24,A,Q
450,A24R,0.1151,24,A,R
451,A24S,0.1888,24,A,S
452,A24T,0.2939,24,A,T
453,A24V,0.1507,24,A,V
454,A24W,0.2506,24,A,W
455,A24Y,0.3022,24,A,Y
456,T25A,0.3536,25,T,A
457,T25D,0.3863,25,T,D
458,T25E,0.2411,25,T,E
459,T25F,0.654,25,T,F
460,T25G,1.1066,25,T,G
461,T25H,0.3526,25,T,H
462,T25I,0.5043,25,T,I
463,T25K,0.5008,25,T,K
464,T25L,0.3344,25,T,L
465,T25M,0.3401,25,T,M
466,T25N,0.4414,25,T,N
467,T25P,2.7018,25,T,P
468,T25Q,0.1011,25,T,Q
469,T25R,0.4271,25,T,R
470,T25S,0.326,25,T,S
471,T25T,0.0,25,T,T
472,T25V,0.2675,25,T,V
473,T25W,0.4077,25,T,W
474,T25Y,0.4737,25,T,Y
475,A26A,0.0,26,A,A
476,A26D,3.8234,26,A,D
477,A26E,3.5639,26,A,E
478,A26F,2.4603,26,A,F
479,A26G,2.5719,26,A,G
480,A26H,3.3827,26,A,H
481,A26I,2.5047,26,A,I
482,A26K,3.3145,26,A,K
483,A26L,2.3663,26,A,L
484,A26M,2.2447,26,A,M
485,A26N,3.6554,26,A,N
486,A26P,3.6646,26,A,P
487,A26Q,3.404,26,A,Q
488,A26R,3.194,26,A,R
489,A26S,2.2756,26,A,S
490,A26T,2.9308,26,A,T
491,A26V,2.0731,26,A,V
492,A26W,2.5358,26,A,W
493,A26Y,2.5864,26,A,Y
494,E27A,-0.087,27,E,A
495,E27D,0.7071,27,E,D
496,E27E,0.0,27,E,E
497,E27F,-0.143,27,E,F
498,E27G,0.6288,27,E,G
499,E27H,0.3414,27,E,H
500,E27I,0.3728,27,E,I
501,E27K,0.4179,27,E,K
502,E27L,0.2849,27,E,L
503,E27M,0.158,27,E,M
504,E27N,0.8672,27,E,N
505,E27P,2.3949,27,E,P
506,E27Q,0.2909,27,E,Q
507,E27R,0.1464,27,E,R
508,E27S,0.5537,27,E,S
509,E27T,0.7238,27,E,T
510,E27V,0.3191,27,E,V
511,E27W,-0.31,27,E,W
512,E27Y,-0.3841,27,E,Y
513,K28A,0.1025,28,K,A
514,K28D,0.5162,28,K,D
515,K28E,0.1859,28,K,E
516,K28F,0.1714,28,K,F
517,K28G,0.7443,28,K,G
518,K28H,0.2162,28,K,H
519,K28I,0.0291,28,K,I
520,K28K,0.0,28,K,K
521,K28L,0.0675,28,K,L
522,K28M,0.0207,28,K,M
523,K28N,0.4261,28,K,N
524,K28P,1.939,28,K,P
525,K28Q,0.0694,28,K,Q
526,K28R,-0.1023,28,K,R
527,K28S,0.3119,28,K,S
528,K28T,0.2106,28,K,T
529,K28V,0.127,28,K,V
530,K28W,0.0377,28,K,W
531,K28Y,0.0696,28,K,Y
532,V29A,0.426,29,V,A
533,V29D,0.858,29,V,D
534,V29E,0.5012,29,V,E
535,V29F,-0.116,29,V,F
536,V29G,1.4579,29,V,G
537,V29H,0.3444,29,V,H
538,V29I,-0.1854,29,V,I
539,V29K,0.5751,29,V,K
540,V29L,-0.0131,29,V,L
541,V29M,-0.1146,29,V,M
542,V29N,0.8094,29,V,N
543,V29P,2.7127,29,V,P
544,V29Q,0.302,29,V,Q
545,V29R,0.4178,29,V,R
546,V29S,0.8846,29,V,S
547,V29T,0.5718,29,V,T
548,V29V,0.0,29,V,V
549,V29W,-0.195,29,V,W
550,V29Y,-0.2237,29,V,Y
551,F30A,3.4551,30,F,A
552,F30D,3.8245,30,F,D
553,F30E,3.9749,30,F,E
554,F30F,0.0,30,F,F
555,F30G,3.511,30,F,G
556,F30H,3.6981,30,F,H
557,F30I,2.3551,30,F,I
558,F30K,3.6302,30,F,K
559,F30L,1.6528,30,F,L
560,F30M,1.7312,30,F,M
561,F30N,3.5758,30,F,N
562,F30P,3.8688,30,F,P
563,F30Q,3.6886,30,F,Q
564,F30R,3.3956,30,F,R
565,F30S,3.6835,30,F,S
566,F30T,3.4334,30,F,T
567,F30V,2.8894,30,F,V
568,F30W,2.3291,30,F,W
569,F30Y,2.4154,30,F,Y
570,K31A,0.7363,31,K,A
571,K31D,2.0861,31,K,D
572,K31E,1.3766,31,K,E
573,K31F,1.0873,31,K,F
574,K31G,1.7328,31,K,G
575,K31H,0.9159,31,K,H
576,K31I,0.8877,31,K,I
577,K31K,0.0,31,K,K
578,K31L,0.8258,31,K,L
579,K31M,0.6378,31,K,M
580,K31N,1.347,31,K,N
581,K31P,3.1718,31,K,P
582,K31Q,0.5018,31,K,Q
583,K31R,-0.1396,31,K,R
584,K31S,1.1201,31,K,S
585,K31T,1.1527,31,K,T
586,K31V,1.0022,31,K,V
587,K31W,0.9192,31,K,W
588,K31Y,0.9645,31,K,Y
589,Q32A,0.0562,32,Q,A
590,Q32D,0.7119,32,Q,D
591,Q32E,0.3517,32,Q,E
592,Q32F,0.433,32,Q,F
593,Q32G,0.7094,32,Q,G
594,Q32H,0.3094,32,Q,H
595,Q32I,0.443,32,Q,I
596,Q32K,0.1177,32,Q,K
597,Q32L,0.4209,32,Q,L
598,Q32M,0.1919,32,Q,M
599,Q32N,0.5711,32,Q,N
600,Q32P,2.4264,32,Q,P
601,Q32Q,0.0,32,Q,Q
602,Q32R,0.1491,32,Q,R
603,Q32S,0.3391,32,Q,S
604,Q32T,0.5223,32,Q,T
605,Q32V,0.5993,32,Q,V
606,Q32W,0.3288,32,Q,W
607,Q32Y,0.3659,32,Q,Y
608,Y33A,1.7995,33,Y,A
609,Y33D,2.6872,33,Y,D
610,Y33E,2.2768,33,Y,E
611,Y33F,0.3184,33,Y,F
612,Y33G,2.7629,33,Y,G
613,Y33H,1.5116,33,Y,H
614,Y33I,1.0764,33,Y,I
615,Y33K,1.8584,33,Y,K
616,Y33L,1.0831,33,Y,L
617,Y33M,1.0484,33,Y,M
618,Y33N,2.3487,33,Y,N
619,Y33P,3.3116,33,Y,P
620,Y33Q,1.8551,33,Y,Q
621,Y33R,1.5899,33,Y,R
622,Y33S,2.3486,33,Y,S
623,Y33T,2.2817,33,Y,T
624,Y33V,1.4904,33,Y,V
625,Y33W,0.1063,33,Y,W
626,Y33Y,0.0,33,Y,Y
627,A34A,0.0,34,A,A
628,A34D,3.3197,34,A,D
629,A34E,2.808,34,A,E
630,A34F,1.0763,34,A,F
631,A34G,2.0139,34,A,G
632,A34H,2.2083,34,A,H
633,A34I,0.155,34,A,I
634,A34K,2.3245,34,A,K
635,A34L,0.5132,34,A,L
636,A34M,0.594,34,A,M
637,A34N,2.6408,34,A,N
638,A34P,3.389,34,A,P
639,A34Q,2.3169,34,A,Q
640,A34R,2.1059,34,A,R
641,A34S,1.3189,34,A,S
642,A34T,0.7531,34,A,T
643,A34V,0.0201,34,A,V
644,A34W,1.6144,34,A,W
645,A34Y,1.2651,34,A,Y
646,N35A,-0.1273,35,N,A
647,N35D,0.1962,35,N,D
648,N35E,-0.0086,35,N,E
649,N35F,-0.0726,35,N,F
650,N35G,0.6154,35,N,G
651,N35H,-0.0192,35,N,H
652,N35I,-0.2006,35,N,I
653,N35K,-0.2637,35,N,K
654,N35L,-0.1538,35,N,L
655,N35M,-0.2001,35,N,M
656,N35N,0.0,35,N,N
657,N35P,2.3057,35,N,P
658,N35Q,-0.1957,35,N,Q
659,N35R,-0.459,35,N,R
660,N35S,0.0426,35,N,S
661,N35T,0.009,35,N,T
662,N35V,-0.1239,35,N,V
663,N35W,-0.1134,35,N,W
664,N35Y,-0.1162,35,N,Y
665,D36A,-0.0703,36,D,A
666,D36D,0.0,36,D,D
667,D36E,0.1907,36,D,E
668,D36F,0.2196,36,D,F
669,D36G,0.4128,36,D,G
670,D36H,0.2689,36,D,H
671,D36I,0.2282,36,D,I
672,D36K,0.2966,36,D,K
673,D36L,0.1337,36,D,L
674,D36M,0.0519,36,D,M
675,D36N,0.1825,36,D,N
676,D36P,1.7936,36,D,P
677,D36Q,0.0937,36,D,Q
678,D36R,0.2515,36,D,R
679,D36S,0.0038,36,D,S
680,D36T,0.2385,36,D,T
681,D36V,0.3822,36,D,V
682,D36W,0.1407,36,D,W
683,D36Y,0.2635,36,D,Y
684,N37A,-0.201,37,N,A
685,N37D,1.1799,37,N,D
686,N37E,0.7118,37,N,E
687,N37F,-0.7467,37,N,F
688,N37G,0.4882,37,N,G
689,N37H,-0.4582,37,N,H
690,N37I,-0.3708,37,N,I
691,N37K,-0.2798,37,N,K
692,N37L,-0.8381,37,N,L
693,N37M,-0.7848,37,N,M
694,N37N,0.0,37,N,N
695,N37P,2.1448,37,N,P
696,N37Q,-0.1138,37,N,Q
697,N37R,-0.4067,37,N,R
698,N37S,0.291,37,N,S
699,N37T,0.4175,37,N,T
700,N37V,-0.2581,37,N,V
701,N37W,-0.7733,37,N,W
702,N37Y,-0.8025,37,N,Y
703,G38A,1.4833,38,G,A
704,G38D,1.5147,38,G,D
705,G38E,1.7521,38,G,E
706,G38F,1.325,38,G,F
707,G38G,0.0,38,G,G
708,G38H,1.182,38,G,H
709,G38I,2.2999,38,G,I
710,G38K,1.4496,38,G,K
711,G38L,1.5468,38,G,L
712,G38M,1.3954,38,G,M
713,G38N,1.0525,38,G,N
714,G38P,2.5829,38,G,P
715,G38Q,1.4552,38,G,Q
716,G38R,1.473,38,G,R
717,G38S,1.5356,38,G,S
718,G38T,2.1053,38,G,T
719,G38V,2.2363,38,G,V
720,G38W,1.5413,38,G,W
721,G38Y,1.4913,38,G,Y
722,V39A,1.2906,39,V,A
723,V39D,2.1506,39,V,D
724,V39E,1.9669,39,V,E
725,V39F,0.1634,39,V,F
726,V39G,1.8934,39,V,G
727,V39H,1.4685,39,V,H
728,V39I,-0.2652,39,V,I
729,V39K,1.9393,39,V,K
730,V39L,0.1768,39,V,L
731,V39M,0.3833,39,V,M
732,V39N,1.8669,39,V,N
733,V39P,1.9109,39,V,P
734,V39Q,1.7949,39,V,Q
735,V39R,1.827,39,V,R
736,V39S,1.779,39,V,S
737,V39T,1.3856,39,V,T
738,V39V,0.0,39,V,V
739,V39W,0.5897,39,V,W
740,V39Y,0.6398,39,V,Y
741,D40A,0.1817,40,D,A
742,D40D,0.0,40,D,D
743,D40E,0.1746,40,D,E
744,D40F,-0.0737,40,D,F
745,D40G,0.5747,40,D,G
746,D40H,0.0643,40,D,H
747,D40I,0.0672,40,D,I
748,D40K,0.3605,40,D,K
749,D40L,0.1899,40,D,L
750,D40M,0.1672,40,D,M
751,D40N,0.1779,40,D,N
752,D40P,1.2571,40,D,P
753,D40Q,0.0924,40,D,Q
754,D40R,0.3411,40,D,R
755,D40S,-0.1302,40,D,S
756,D40T,-0.1181,40,D,T
757,D40V,0.0415,40,D,V
758,D40W,-0.066,40,D,W
759,D40Y,-0.0179,40,D,Y
760,G41A,1.3526,41,G,A
761,G41D,2.4384,41,G,D
762,G41E,2.4384,41,G,E
763,G41F,0.7077,41,G,F
764,G41G,0.0,41,G,G
765,G41H,1.7883,41,G,H
766,G41I,1.3474,41,G,I
767,G41K,2.218,41,G,K
768,G41L,1.4687,41,G,L
769,G41M,1.3865,41,G,M
770,G41N,2.2374,41,G,N
771,G41P,1.9177,41,G,P
772,G41Q,2.0834,41,G,Q
773,G41R,2.053,41,G,R
774,G41S,1.8369,41,G,S
775,G41T,1.9687,41,G,T
776,G41V,1.2847,41,G,V
777,G41W,0.9852,41,G,W
778,G41Y,0.862,41,G,Y
779,E42A,0.0123,42,E,A
780,E42D,0.3122,42,E,D
781,E42E,0.0,42,E,E
782,E42F,-0.0659,42,E,F
783,E42G,0.5474,42,E,G
784,E42H,-0.0453,42,E,H
785,E42I,-0.0807,42,E,I
786,E42K,0.0587,42,E,K
787,E42L,0.0696,42,E,L
788,E42M,0.0336,42,E,M
789,E42N,0.2074,42,E,N
790,E42P,1.4429,42,E,P
791,E42Q,-0.0032,42,E,Q
792,E42R,-0.0302,42,E,R
793,E42S,-0.0467,42,E,S
794,E42T,-0.2074,42,E,T
795,E42V,-0.1137,42,E,V
796,E42W,-0.0985,42,E,W
797,E42Y,-0.1294,42,E,Y
798,W43A,3.7725,43,W,A
799,W43D,4.1024,43,W,D
800,W43E,4.0522,43,W,E
801,W43F,1.9074,43,W,F
802,W43G,3.9122,43,W,G
803,W43H,3.442,43,W,H
804,W43I,2.8294,43,W,I
805,W43K,4.0436,43,W,K
806,W43L,2.9965,43,W,L
807,W43M,2.689,43,W,M
808,W43N,4.0154,43,W,N
809,W43P,3.7163,43,W,P
810,W43Q,3.7216,43,W,Q
811,W43R,3.8436,43,W,R
812,W43S,3.3225,43,W,S
813,W43T,3.1597,43,W,T
814,W43V,2.7739,43,W,V
815,W43W,0.0,43,W,W
816,W43Y,1.6466,43,W,Y
817,T44A,1.1464,44,T,A
818,T44D,1.34,44,T,D
819,T44E,1.1578,44,T,E
820,T44F,0.936,44,T,F
821,T44G,1.3339,44,T,G
822,T44H,0.9069,44,T,H
823,T44I,1.3145,44,T,I
824,T44K,1.1008,44,T,K
825,T44L,1.3043,44,T,L
826,T44M,1.1978,44,T,M
827,T44N,0.8863,44,T,N
828,T44P,2.3461,44,T,P
829,T44Q,1.057,44,T,Q
830,T44R,1.0126,44,T,R
831,T44S,0.3625,44,T,S
832,T44T,0.0,44,T,T
833,T44V,1.2242,44,T,V
834,T44W,1.0214,44,T,W
835,T44Y,0.9091,44,T,Y
836,Y45A,3.7254,45,Y,A
837,Y45D,3.8461,45,Y,D
838,Y45E,3.5882,45,Y,E
839,Y45F,0.5142,45,Y,F
840,Y45G,3.8368,45,Y,G
841,Y45H,2.435,45,Y,H
842,Y45I,2.8571,45,Y,I
843,Y45K,3.2827,45,Y,K
844,Y45L,2.7616,45,Y,L
845,Y45M,2.7512,45,Y,M
846,Y45N,3.4306,45,Y,N
847,Y45P,3.543,45,Y,P
848,Y45Q,3.3641,45,Y,Q
849,Y45R,3.0013,45,Y,R
850,Y45S,3.5444,45,Y,S
851,Y45T,3.4116,45,Y,T
852,Y45V,3.0906,45,Y,V
853,Y45W,0.4221,45,Y,W
854,Y45Y,0.0,45,Y,Y
855,D46A,1.5011,46,D,A
856,D46D,0.0,46,D,D
857,D46E,0.9293,46,D,E
858,D46F,1.343,46,D,F
859,D46G,1.8442,46,D,G
860,D46H,1.2242,46,D,H
861,D46I,1.3477,46,D,I
862,D46K,1.6589,46,D,K
863,D46L,1.1665,46,D,L
864,D46M,1.2778,46,D,M
865,D46N,0.6804,46,D,N
866,D46P,2.5819,46,D,P
867,D46Q,1.1716,46,D,Q
868,D46R,1.6765,46,D,R
869,D46S,1.0463,46,D,S
870,D46T,1.2376,46,D,T
871,D46V,1.3463,46,D,V
872,D46W,1.3232,46,D,W
873,D46Y,1.5439,46,D,Y
874,D47A,0.2373,47,D,A
875,D47D,0.0,47,D,D
876,D47E,0.0673,47,D,E
877,D47F,0.6524,47,D,F
878,D47G,0.5742,47,D,G
879,D47H,0.5223,47,D,H
880,D47I,0.6034,47,D,I
881,D47K,0.6918,47,D,K
882,D47L,0.5053,47,D,L
883,D47M,0.5118,47,D,M
884,D47N,0.562,47,D,N
885,D47P,0.3567,47,D,P
886,D47Q,0.3512,47,D,Q
887,D47R,0.7438,47,D,R
888,D47S,0.2953,47,D,S
889,D47T,0.5002,47,D,T
890,D47V,0.5928,47,D,V
891,D47W,0.513,47,D,W
892,D47Y,0.7876,47,D,Y
893,A48A,0.0,48,A,A
894,A48D,0.3895,48,A,D
895,A48E,0.2435,48,A,E
896,A48F,0.5191,48,A,F
897,A48G,0.3912,48,A,G
898,A48H,0.2915,48,A,H
899,A48I,0.4007,48,A,I
900,A48K,0.1398,48,A,K
901,A48L,0.2987,48,A,L
902,A48M,0.3324,48,A,M
903,A48N,0.2812,48,A,N
904,A48P,1.1392,48,A,P
905,A48Q,0.2231,48,A,Q
906,A48R,0.1426,48,A,R
907,A48S,0.1216,48,A,S
908,A48T,0.2366,48,A,T
909,A48V,0.4494,48,A,V
910,A48W,0.4657,48,A,W
911,A48Y,0.467,48,A,Y
912,T49A,1.2561,49,T,A
913,T49D,1.494,49,T,D
914,T49E,1.4483,49,T,E
915,T49F,1.0021,49,T,F
916,T49G,1.587,49,T,G
917,T49H,0.794,49,T,H
918,T49I,1.3548,49,T,I
919,T49K,1.1083,49,T,K
920,T49L,1.0086,49,T,L
921,T49M,1.1567,49,T,M
922,T49N,0.5752,49,T,N
923,T49P,2.4061,49,T,P
924,T49Q,1.2136,49,T,Q
925,T49R,1.0348,49,T,R
926,T49S,0.6083,49,T,S
927,T49T,0.0,49,T,T
928,T49V,1.0844,49,T,V
929,T49W,1.1534,49,T,W
930,T49Y,0.8731,49,T,Y
931,K50A,0.6321,50,K,A
932,K50D,1.9949,50,K,D
933,K50E,1.7244,50,K,E
934,K50F,0.6777,50,K,F
935,K50G,1.0552,50,K,G
936,K50H,0.6558,50,K,H
937,K50I,1.177,50,K,I
938,K50K,0.0,50,K,K
939,K50L,0.6041,50,K,L
940,K50M,0.4639,50,K,M
941,K50N,0.9543,50,K,N
942,K50P,1.9162,50,K,P
943,K50Q,0.6171,50,K,Q
944,K50R,-0.0599,50,K,R
945,K50S,1.0245,50,K,S
946,K50T,1.2745,50,K,T
947,K50V,1.2518,50,K,V
948,K50W,0.7499,50,K,W
949,K50Y,0.6923,50,K,Y
950,T51A,1.852,51,T,A
951,T51D,2.4558,51,T,D
952,T51E,1.9619,51,T,E
953,T51F,1.7641,51,T,F
954,T51G,2.6487,51,T,G
955,T51H,1.9565,51,T,H
956,T51I,1.3258,51,T,I
957,T51K,1.9866,51,T,K
958,T51L,1.603,51,T,L
959,T51M,1.5091,51,T,M
960,T51N,2.023,51,T,N
961,T51P,3.0255,51,T,P
962,T51Q,1.8014,51,T,Q
963,T51R,1.7062,51,T,R
964,T51S,1.0451,51,T,S
965,T51T,0.0,51,T,T
966,T51V,1.1767,51,T,V
967,T51W,1.7926,51,T,W
968,T51Y,1.7332,51,T,Y
969,F52A,3.4561,52,F,A
970,F52D,3.9876,52,F,D
971,F52E,3.6018,52,F,E
972,F52F,0.0,52,F,F
973,F52G,3.6891,52,F,G
974,F52H,3.1991,52,F,H
975,F52I,2.4447,52,F,I
976,F52K,3.5865,52,F,K
977,F52L,2.2734,52,F,L
978,F52M,2.2427,52,F,M
979,F52N,3.7907,52,F,N
980,F52P,3.6605,52,F,P
981,F52Q,3.6171,52,F,Q
982,F52R,3.2904,52,F,R
983,F52S,3.6758,52,F,S
984,F52T,3.5247,52,F,T
985,F52V,2.8163,52,F,V
986,F52W,1.3193,52,F,W
987,F52Y,0.9862,52,F,Y
988,T53A,1.4494,53,T,A
989,T53D,2.0196,53,T,D
990,T53E,1.3902,53,T,E
991,T53F,0.9222,53,T,F
992,T53G,2.0707,53,T,G
993,T53H,1.0603,53,T,H
994,T53I,0.8722,53,T,I
995,T53K,1.2833,53,T,K
996,T53L,1.1031,53,T,L
997,T53M,1.0573,53,T,M
998,T53N,1.3257,53,T,N
999,T53P,2.6158,53,T,P
1000,T53Q,1.2825,53,T,Q
1001,T53R,1.0955,53,T,R
1002,T53S,0.6763,53,T,S
1003,T53T,0.0,53,T,T
1004,T53V,0.8572,53,T,V
1005,T53W,0.8644,53,T,W
1006,T53Y,0.7374,53,T,Y
1007,V54A,1.9455,54,V,A
1008,V54D,3.1996,54,V,D
1009,V54E,2.8978,54,V,E
1010,V54F,1.2269,54,V,F
1011,V54G,2.814,54,V,G
1012,V54H,2.5842,54,V,H
1013,V54I,0.1476,54,V,I
1014,V54K,2.811,54,V,K
1015,V54L,0.8389,54,V,L
1016,V54M,1.3845,54,V,M
1017,V54N,2.9463,54,V,N
1018,V54P,2.7836,54,V,P
1019,V54Q,2.8884,54,V,Q
1020,V54R,2.821,54,V,R
1021,V54S,2.7097,54,V,S
1022,V54T,2.0842,54,V,T
1023,V54V,0.0,54,V,V
1024,V54W,1.5639,54,V,W
1025,V54Y,1.6061,54,V,Y
1026,T55A,0.9247,55,T,A
1027,T55D,1.3342,55,T,D
1028,T55E,0.7051,55,T,E
1029,T55F,0.5344,55,T,F
1030,T55G,1.551,55,T,G
1031,T55H,0.6148,55,T,H
1032,T55I,0.4071,55,T,I
1033,T55K,0.72,55,T,K
1034,T55L,0.7401,55,T,L
1035,T55M,0.7479,55,T,M
1036,T55N,0.9164,55,T,N
1037,T55P,2.2899,55,T,P
1038,T55Q,0.7218,55,T,Q
1039,T55R,0.5953,55,T,R
1040,T55S,0.5857,55,T,S
1041,T55T,0.0,55,T,T
1042,T55V,0.2773,55,T,V
1043,T55W,0.5639,55,T,W
1044,T55Y,0.3964,55,T,Y
1045,E56A,0.5719,56,E,A
1046,E56D,0.5869,56,E,D
1047,E56E,0.0,56,E,E
1048,E56F,0.1179,56,E,F
1049,E56G,0.8123,56,E,G
1050,E56H,0.307,56,E,H
1051,E56I,0.0549,56,E,I
1052,E56K,0.8932,56,E,K
1053,E56L,0.2784,56,E,L
1054,E56M,0.2969,56,E,M
1055,E56N,0.6222,56,E,N
1056,E56P,0.8281,56,E,P
1057,E56Q,0.5022,56,E,Q
1058,E56R,0.9112,56,E,R
1059,E56S,0.5053,56,E,S
1060,E56T,0.1625,56,E,T
1061,E56V,0.0858,56,E,V
1062,E56W,-0.0017,56,E,W
1063,E56Y,-0.0203,56,E,Y