BCY_YFP,BCY_CFP,BYC_YFP,BYC_CFP,TCY_YFP,TCY_CFP,TYC_YFP,TYC_CFP,IYC_YFP,IYC_CFP,ICY_YFP,ICY_CFP
88.841,113.92,88.841,113.92,107.36,124.57,148.75,165.71,290.32,122.01,60.505,196.97
95.053,118.53,95.053,118.53,129.05,158.97,166.32,192.1,362.47,151.95,124.82,625.77
99.563,208.09,99.563,208.09,132.55,160.52,170.43,215.41,395.74,159.96,145.51,672.24
105.63,275.01,105.63,275.01,140.84,166.7,191.14,225.23,420.21,194.17,143.98,703.17
124.37,162.51,124.37,162.51,144.45,166.72,198.11,255.85,476.79,161.08,143.45,717.7
142.13,225.24,142.13,225.24,152.47,146.71,213.19,230.92,495.7,225.22,150.59,775.4
152.45,256.21,152.45,256.21,164.21,177.82,214.41,249,512.23,96.546,155.32,777.32
170.04,252.75,170.04,252.75,175.01,234.58,216.98,278.69,524.08,194.05,189.27,781.4
170.71,172.9,170.71,172.9,175.97,192.59,220.1,266.36,529.53,187.97,167.62,829.67
174.02,280.67,174.02,280.67,183.3,259.54,223.87,273.58,539.36,177.42,176.57,843.15
180.83,267.04,180.83,267.04,186.41,213.69,228.03,264.76,549.6,201.6,182.48,870.28
192.8,207.5,192.8,207.5,187.97,232.98,238.54,277.14,582.75,166.86,215.26,1072.6
203.77,90.129,203.77,90.129,198.52,249.92,241.17,341.25,588.25,209.92,190.52,1098.7
205.14,307.22,205.14,307.22,210.8,127.98,241.69,320.64,606.11,300.11,214.17,1103.8
207.67,312.33,207.67,312.33,216.83,247.34,244.58,277.23,620.08,264.41,231.07,1166.9
217.65,184.12,217.65,184.12,220.84,261.04,250.96,373.55,656.96,217.33,222.84,1199.5
222.14,141.1,222.14,141.1,224,223.65,271.91,287.07,657.94,309.96,230.92,1209.7
224.96,355.62,224.96,355.62,231.32,284.91,273.95,309.45,663.46,188.31,222.16,1254.2
231.85,437.84,231.85,437.84,235.2,275.96,276.09,358.95,667.18,221.75,209.6,1267.8
233.3,345.81,233.3,345.81,236.59,282.64,276.79,233.71,673.15,207.07,256.45,1271.6
235.3,380.69,235.3,380.69,240.34,260.99,280.96,341.17,683.14,279.71,294.21,1278.6
237.01,186.71,237.01,186.71,240.76,284.44,281.08,333.73,684.26,296.99,233.23,1280.8
239.68,256.49,239.68,256.49,242.48,239.54,284.3,328.95,686.13,212.02,233.14,1291.6
245.47,308.07,245.47,308.07,255.26,319.19,285.69,328.53,696.37,294.66,350.99,1332.9
245.49,361.81,245.49,361.81,258.49,306.62,290.1,348.69,704.52,310.91,330.65,1341.2
251.59,526.08,251.59,526.08,261.89,296.12,297.79,364.48,705.97,250,259.63,1364
257.68,396.99,257.68,396.99,263.6,330.54,313,379.33,708.01,169.21,349.47,1366.7
259.74,262.14,259.74,262.14,263.82,300.81,313.61,339.54,717.76,312.4,291.87,1367.2
270.22,364.58,270.22,364.58,274.2,346.22,318.36,388.09,721.36,363.58,299.46,1373.8
275.38,231.36,275.38,231.36,283.56,346.56,324.24,367.87,723.69,208.81,300.04,1376.7
277.15,619.86,277.15,619.86,286.56,339.02,329.85,431.44,725.78,256.55,221.74,1422.8
280.16,377.41,280.16,377.41,294.33,333.95,333.12,382.54,732.78,347.18,362.08,1432.4
284.81,187.83,284.81,187.83,297.92,316.65,339.74,401.41,737.27,306.74,282.08,1455.8
285.48,289.56,285.48,289.56,310.65,321.64,340.29,388.05,739.26,293.7,365.28,1473.3
296.93,739.39,296.93,739.39,316.8,373.92,347.32,419.01,743.87,268.49,312.35,1476
301.68,762.13,301.68,762.13,317.25,435.57,349.62,375.51,755.54,349.34,390.69,1477.3
304.52,449.1,304.52,449.1,319.38,325.71,350.92,423.25,756.53,278.35,362.16,1504.4
306.7,694.78,306.7,694.78,322.82,354.54,353.76,424.92,761.91,297.83,327.78,1514.2
312.86,340.09,312.86,340.09,327.15,427.41,353.79,416.23,772.08,275.36,348.86,1521.9
316.27,214.94,316.27,214.94,327.81,338.74,353.8,400.6,773.05,402.57,330.16,1525
316.54,333.09,316.54,333.09,329.61,338.62,355.62,412.4,780.82,156.39,303.22,1529.9
318.24,113.48,318.24,113.48,331.77,408.3,355.67,420.45,790.93,296.19,371.09,1533.6
322.99,688.6,322.99,688.6,333.34,424.96,355.71,403.86,792.3,287.06,281.42,1546.1
329.55,457.08,329.55,457.08,336.25,287.87,355.77,358.38,792.92,347.19,289.23,1581.8
329.86,507.8,329.86,507.8,342.42,408.14,356.14,388.16,800.09,295.9,277.44,1592.5
332.71,278.93,332.71,278.93,343.87,459.37,363.87,410.18,806.12,265.96,400.14,1617.3
333.38,733.28,333.38,733.28,348.68,408.22,365.52,419.34,807.85,239.02,442.85,1618.3
336.35,391.53,336.35,391.53,351.12,382.79,369.98,427.4,808.93,200.77,350.23,1644.8
338.24,412.83,338.24,412.83,354.64,422.86,370.17,416.02,811.9,252.42,306.54,1648.8
343.19,570.79,343.19,570.79,354.99,495.03,373.48,320.3,817.26,365.61,361.24,1677
347.98,714.9,347.98,714.9,356.4,376.55,374.26,432.14,818.4,263.95,350.34,1693.3
348.74,535.66,348.74,535.66,359.34,399.52,375.46,419.94,829.03,273.18,435.48,1774.4
352.55,423.95,352.55,423.95,366.86,494.7,376.15,433.1,830.46,343.65,315.4,1777
352.6,597.15,352.6,597.15,368.78,419.74,382.44,439.87,831.89,348.98,128.62,1789.5
359.19,435.01,359.19,435.01,371.53,451.83,383.32,442.16,847.28,354.93,343.88,1795.1
360.88,590.95,360.88,590.95,372.5,370.19,384.2,417.56,849.56,351.41,431.51,1804.5
361,563.33,361,563.33,377.86,434.89,384.93,447.6,875.14,308.84,450.56,1820.6
361.17,914.7,361.17,914.7,380,455.85,385.41,439.34,879.99,413.06,386.44,1826.9
364.08,460.34,364.08,460.34,380.03,520.84,387.61,482.71,881.16,337.22,260.49,1827.4
369.98,704.61,369.98,704.61,380.57,446.02,395.62,450.85,882.87,261.13,336.94,1840
370.42,769.7,370.42,769.7,381.08,471,396.07,453.88,885.47,371.91,426.71,1856.7
370.51,509.5,370.51,509.5,382.15,511.4,398.43,487.91,889.04,427.81,383.8,1865.4
372.03,456.66,372.03,456.66,382.61,560.33,401.01,479.16,900,429.86,424.11,1865.6
374.77,160.01,374.77,160.01,383.15,494.76,403.04,506.05,901.73,272.18,459.98,1870.4
376.46,765.47,376.46,765.47,384.25,394.25,405.22,487.74,904.81,453.09,382.29,1880.1
378.21,306.46,378.21,306.46,388.92,570.89,409.57,508.97,906.48,398.33,330.09,1919.1
382.25,679.47,382.25,679.47,390.13,466.64,409.8,468.95,909.17,331.11,348.43,1921.4
385.85,567.4,385.85,567.4,391.41,510.61,410.48,466.86,911.05,395.8,455.07,1929
389.45,671.49,389.45,671.49,392.59,397.12,411.59,465.32,912.62,395.73,448.94,1931.1
391,372.2,391,372.2,396.76,470.3,413.23,454.54,916.97,408.92,308.93,2020.8
391.51,772.06,391.51,772.06,398.47,441.04,413.27,561.77,919.54,272.87,480.78,2032.4
391.93,314.97,391.93,314.97,404.56,600.91,413.83,474.08,924.17,315.89,445.1,2043.6
392.44,806.39,392.44,806.39,408.99,547.79,413.96,497.18,926.31,461.61,309.78,2056.7
392.62,204.29,392.62,204.29,415.08,434.01,428.81,482.04,927.62,447.9,517.32,2064
392.89,529.39,392.89,529.39,415.98,486.58,429.15,501.8,933.23,414.35,492.52,2078.2
394.22,565.63,394.22,565.63,419.29,485.6,429.79,490.75,934.52,229.93,433.16,2079.8
396.57,310.25,396.57,310.25,427.1,578.11,431.26,476.78,938.42,350.02,474.46,2083.9
402.1,890.66,402.1,890.66,428.11,514.22,431.61,463.95,948.95,378.98,520.65,2088.3
402.16,619.68,402.16,619.68,430.09,447.3,433.45,536.72,949.29,355.35,510.15,2091.1
406.17,197.38,406.17,197.38,431.58,661.33,438.72,431.53,950.57,287.24,579.64,2098.3
406.78,637.04,406.78,637.04,432.14,609.89,439.29,532.75,958.54,324.53,361.33,2100.6
409.09,888.94,409.09,888.94,432.38,431.97,440.14,484,959.63,341.52,561.77,2113
410.3,787.35,410.3,787.35,433.36,614.48,440.7,470.52,961.47,301.03,512.26,2118.1
411.02,591.33,411.02,591.33,436.59,575.4,441.92,507.01,963.23,366.58,337.35,2121.5
412.47,533.11,412.47,533.11,438.97,536.13,442.21,500.68,964.15,220.04,512.09,2123.7
413.79,968.99,413.79,968.99,439.89,559.46,444.2,510.45,974.06,451.82,290.56,2140.7
415.8,534.03,415.8,534.03,439.92,577.59,447.2,524.74,981,292.17,389.81,2161.6
416.62,1153,416.62,1153,442.38,574.27,447.64,580.09,994.63,278.78,331.03,2165.9
419.67,600.72,419.67,600.72,447.54,529.51,447.69,554.3,995.7,318.07,537.01,2168.2
421.58,679.23,421.58,679.23,448.24,565.97,450.65,589.19,1006.6,233.01,504.77,2189.9
422.84,891.59,422.84,891.59,451.1,570.58,453.31,364.81,1007.1,356.36,374.4,2192.2
425.96,905.85,425.96,905.85,453.75,454.85,454.37,554.45,1011.1,282.72,295.71,2206.3
426.38,461.31,426.38,461.31,455.47,552.06,454.45,539.63,1016.7,533.69,402.62,2242.7
427.45,435.73,427.45,435.73,457.66,622.05,454.64,516.88,1020.7,469.73,538.83,2266.1
428.91,899.55,428.91,899.55,458.8,417.88,455.49,587.6,1047.4,411.5,468.41,2284.4
429.24,223.23,429.24,223.23,458.87,610.68,457.16,556.92,1047.8,526.98,369.04,2292.6
431.25,668.25,431.25,668.25,459.75,591.18,457.41,530.95,1050.2,496.08,520.7,2296
432.32,628.18,432.32,628.18,461.2,510.38,458.18,515.97,1053,500.78,640.64,2302.8
438.37,775.34,438.37,775.34,461.26,532.82,459.88,506.63,1054.3,254.35,345.68,2308.5
439.63,625.85,439.63,625.85,466.67,559.09,460.01,470.79,1054.3,448.94,472.11,2316.8
440.52,631.05,440.52,631.05,467.2,705.96,460.68,560.81,1057.6,526,511.82,2328.7
449.18,515.18,449.18,515.18,468.68,519.85,466.08,542.47,1065,450.76,440.59,2329.3
450.85,850.28,450.85,850.28,474.7,485.94,468.8,532.69,1073.4,413.55,349.57,2331.3
451.03,429.01,451.03,429.01,475.7,559.18,469.32,539.25,1074.2,418.1,549.37,2335
456.59,483.14,456.59,483.14,476.03,623.92,470.1,593.81,1076.1,370.1,450.93,2340.4
456.76,330.27,456.76,330.27,478.84,466.43,471.83,569.94,1088.4,218.3,583.24,2344.4
460.15,782.64,460.15,782.64,479.53,626.72,475.23,469.97,1091.1,417.93,606.09,2373.9
461.32,675.46,461.32,675.46,481.22,510.85,476.56,578.26,1091.2,447.12,479.72,2393.6
467.3,657.78,467.3,657.78,481.54,649.85,480.68,640.36,1096.3,487.62,421.21,2415.3
467.65,555.6,467.65,555.6,482.61,531.46,482.31,686.28,1098.8,500.9,603.47,2417.6
468.81,517.61,468.81,517.61,483.37,559.82,482.8,578.12,1101.3,508.58,581.66,2438
469.83,752.54,469.83,752.54,487.45,506.03,483.05,581.58,1102.8,520.86,505.69,2454.3
471.5,516.81,471.5,516.81,488.02,658.8,485.22,543.11,1107.1,469.97,488.58,2455.9
471.97,703.82,471.97,703.82,489.08,552.39,486.66,582.74,1108.7,486.01,577.84,2503.4
474.87,818.6,474.87,818.6,489.77,517.4,487.18,499.04,1122.4,317.73,743.27,2515.1
477.27,988.21,477.27,988.21,490.98,599.34,487.96,383.31,1128.2,415.18,463.98,2532.8
477.76,538.77,477.76,538.77,494.96,545.7,489.55,578.67,1128.5,573.11,565.4,2535.6
478.53,907.62,478.53,907.62,499.6,578.7,490.17,535.15,1129.3,449.99,529.24,2554.2
479.4,967.18,479.4,967.18,502.87,665.54,491.72,630.97,1138.2,476.66,588.04,2575.6
480.43,686.47,480.43,686.47,505.71,638.93,493.49,600.55,1167.9,568.46,604.34,2579
481.69,749.08,481.69,749.08,511.38,784.09,494.58,573.72,1171.2,451.01,637.17,2579.8
482.34,241.72,482.34,241.72,511.47,545.43,496.44,613.56,1172.4,406.99,613.73,2648.5
485.26,344.13,485.26,344.13,513.14,624.13,501.42,599.58,1178.1,332.07,556.72,2649.8
489.47,499.83,489.47,499.83,515.6,754.91,503.04,539.23,1183.7,518.88,676.54,2663
492.01,373.56,492.01,373.56,517.78,656.64,505.14,650.45,1189.8,517.9,604.23,2665.7
494.76,706.98,494.76,706.98,519.22,622.65,506.56,595.82,1189.8,542.16,592.34,2669.9
495.98,812.03,495.98,812.03,519.59,594.43,507.04,654.63,1195.2,544.28,542.26,2685.9
496.93,793.73,496.93,793.73,523.32,620.06,507.67,667.11,1206.7,517.89,545.13,2693.4
499.73,683.82,499.73,683.82,523.77,563.72,509.07,676.61,1208.5,509.83,680.73,2700.7
502.01,769.64,502.01,769.64,524.6,716.05,509.32,615.61,1208.8,650.99,616.7,2701.3
503.85,997.95,503.85,997.95,525.28,688.54,509.77,612.76,1209.4,475.79,613.44,2708.4
508.08,504.17,508.08,504.17,525.49,708.46,510.24,603.1,1215.8,431.4,697.41,2710.4
508.92,876.24,508.92,876.24,529.7,675.69,510.91,510.61,1216.1,512.59,514.97,2711.2
510.66,878.6,510.66,878.6,529.79,613.52,511.33,526.76,1217.1,504.18,824.3,2716.6
512.25,963.05,512.25,963.05,532.52,521.74,511.98,640.02,1217.5,293.1,564.58,2734.2
513.02,951.22,513.02,951.22,537.08,531.88,514.42,612.63,1218.2,542.86,716.16,2744.1
520.22,385.18,520.22,385.18,541.9,715.38,514.52,570.6,1218.3,592.72,346.47,2772.3
523.58,382.49,523.58,382.49,544.6,563.55,516.34,569.86,1218.5,528.38,581.46,2781.3
524.19,935.92,524.19,935.92,547.12,587.82,516.38,632.65,1218.7,414.65,564.77,2786.3
526.78,963.84,526.78,963.84,550.95,747.61,518.2,449.68,1219.1,614.52,586.82,2828.2
531.36,965.03,531.36,965.03,553.92,731.69,518.64,581.76,1221.1,487.95,625.48,2829.4
534.12,463.69,534.12,463.69,554.32,882,519.65,617.69,1223.1,509.73,628.62,2829.8
535.02,920.72,535.02,920.72,555.23,790.49,520.54,552.69,1232.2,477.18,606.37,2838.6
535.39,908.51,535.39,908.51,557.07,663.93,521.18,633.75,1235.3,673.12,729.07,2839.1
541.2,788.77,541.2,788.77,558.8,669.18,521.62,357.7,1235.8,502.95,617.79,2840.4
541.99,808.33,541.99,808.33,560.34,742.32,522.02,668.87,1239.1,530.21,650.87,2864.8
544.5,997.26,544.5,997.26,561.28,559.99,523.52,515.32,1239.4,564.64,694.41,2885.1
545.05,715.49,545.05,715.49,563.44,565.3,523.7,652.46,1253.1,362.67,516.68,2902.5
546.99,788.35,546.99,788.35,564.59,597.76,524.2,570.68,1253.2,575.57,509.94,2917.1
547.15,715.56,547.15,715.56,571.31,757.08,524.83,686.86,1257,440.99,618.71,2932.9
550.33,1021.5,550.33,1021.5,571.95,605.35,526.04,616.04,1259.3,798.3,775.2,2933.2
551.71,602.64,551.71,602.64,572.56,697.11,526.36,684.59,1261.6,524.58,665.66,2949.7
553.98,553.45,553.98,553.45,572.8,562.05,526.74,599.82,1269.1,580.65,901.88,2958.8
556.64,1394.3,556.64,1394.3,573.08,736.15,529.02,623.41,1273.3,479.16,704.41,2961.1
558.47,1002.4,558.47,1002.4,574.75,792.19,531.41,686.41,1274.7,532.65,530.72,2963
562.95,746.08,562.95,746.08,580.35,835.1,531.67,700.31,1282.9,445.47,732.67,2968.3
568.37,653.83,568.37,653.83,582.04,555.2,532.98,628.85,1289.1,502.68,600.48,2995.3
570.14,1058.7,570.14,1058.7,590.2,602.85,534.29,590.33,1291.4,367,428.22,3003.9
573.08,658.71,573.08,658.71,594.2,850.16,534.46,606.65,1291.7,632.14,626.35,3004.3
574.7,1047.2,574.7,1047.2,595.42,790.27,534.77,629.68,1293.5,598.3,779.75,3010.4
574.77,1011,574.77,1011,595.79,826.02,534.89,614.56,1294.5,619.13,581.6,3012.2
577.51,529.85,577.51,529.85,596.49,680.12,537.45,604.97,1300,574.19,774.04,3027.7
577.97,1086.2,577.97,1086.2,598.94,847.17,539.06,689.27,1302.2,503.29,742.78,3054.1
580.24,448.1,580.24,448.1,603.77,619.8,539.76,616.78,1313.3,501.78,861.56,3059.6
580.47,502.31,580.47,502.31,603.98,555.94,541.04,729.35,1317,494.13,719.21,3070.5
590.53,767.77,590.53,767.77,608.68,673.27,542.81,636.27,1318.1,335.47,762.08,3078.7
597.65,953.16,597.65,953.16,609.29,520.21,542.82,696.7,1318.9,508.77,758.2,3079.4
599.75,649.52,599.75,649.52,611.94,921.84,544.08,681.38,1324,528.17,814.08,3101.6
600.39,444.45,600.39,444.45,613.24,645.89,544.42,624.65,1334.9,485.05,767.55,3106.4
600.91,1334.7,600.91,1334.7,614.99,872.08,545.93,564.26,1340.4,576.89,592.92,3106.5
601.07,815,601.07,815,617.4,655.36,546.82,607.93,1343.5,582.96,662.95,3115.4
606.4,520.59,606.4,520.59,617.93,776.36,549.12,627.21,1350.9,478.97,618.56,3116.9
607.51,227.61,607.51,227.61,618.44,722.44,549.73,645.38,1355.6,587.12,648.12,3118.2
607.93,906.57,607.93,906.57,619.17,798.58,550.68,716.3,1365.1,595.54,534.36,3125.2
617.5,854.06,617.5,854.06,619.28,553.7,550.85,622.14,1365.4,519.04,706.42,3131.7
620.02,1021.8,620.02,1021.8,619.57,658.57,551.1,674.72,1371.3,583.66,618.47,3132.1
620.27,1439.8,620.27,1439.8,619.64,741,553.18,622.22,1371.8,501.67,574.45,3136.9
622.2,442.57,622.2,442.57,620.45,798.53,554.64,644.78,1381.5,368.38,632.52,3137.4
623.9,732.17,623.9,732.17,623.54,909.89,554.7,731.39,1382.2,499.98,844.6,3160.2
631.75,1450,631.75,1450,625.04,733.49,555.47,572.09,1387.8,534.09,611.02,3188.9
633.35,595.25,633.35,595.25,625.19,643.62,556.37,696.26,1390.5,687.18,767.09,3191.2
634.93,989.04,634.93,989.04,631.13,776.82,557.25,571.53,1394.8,442.77,635.51,3231.5
635.63,589.59,635.63,589.59,636.5,719.89,557.45,573.59,1396.9,557.73,795.42,3238.3
639.93,868.43,639.93,868.43,641.14,904.9,557.76,756.27,1404,355.21,690.91,3242.8
639.98,1164.9,639.98,1164.9,644.44,780.25,558.94,686.97,1414.7,485.82,915.71,3263.6
643.73,1050.1,643.73,1050.1,644.47,821,561.54,719.9,1417.9,576.4,798.54,3270.3
643.74,295.18,643.74,295.18,645.99,778.69,563.54,620.21,1428.4,571.81,813.06,3346.7
645.49,1429.2,645.49,1429.2,646.55,904.46,563.74,675.48,1444.5,417.28,701.28,3348.9
649.64,918.31,649.64,918.31,647.12,821.76,564.6,725.49,1448.8,682.74,795.61,3352.9
658.23,1453.1,658.23,1453.1,647.22,664.63,564.68,613.11,1452.3,455.5,862.66,3360.3
660.96,1241.5,660.96,1241.5,649.27,786.31,567.24,691.61,1457,735.17,648.36,3361.5
661.62,496.24,661.62,496.24,652.38,607.44,568.08,703.59,1467.3,649.56,853.63,3372.6
666.4,882.61,666.4,882.61,657.97,678.68,570.5,656.08,1467.8,600.64,580.21,3381.3
666.64,320.62,666.64,320.62,659.21,986.73,571.45,645.36,1468.5,674.67,740.46,3448.8
671.15,1224.4,671.15,1224.4,659.61,818.46,571.65,691.58,1470.5,577.74,810.08,3463.1
673.4,1175.5,673.4,1175.5,660.14,830.47,572.35,753.68,1471.2,531.35,655.84,3468.3
673.41,1308,673.41,1308,664.29,816.21,573.15,594.32,1472,541.84,689.54,3487.8
676.86,644.95,676.86,644.95,671.54,856.54,573.21,654.83,1473.8,614.96,854.92,3498.6
683.71,1332,683.71,1332,672.43,900.66,574.02,637.36,1475.7,566.22,721.98,3499.6
684,1222.6,684,1222.6,675.7,840.76,574.27,814.66,1478.7,523.22,898.33,3517.2
687.44,2133.1,687.44,2133.1,675.75,930.87,576.01,727.79,1478.8,568.29,761.81,3517.5
690.12,1208.2,690.12,1208.2,676.21,819.1,576.68,645.58,1480.1,553.02,595.46,3540.3
690.41,725.64,690.41,725.64,677.45,774.75,577.07,728.14,1488.7,671.52,730.62,3542.4
693.74,1243.1,693.74,1243.1,677.79,924.91,579.33,392.64,1496,647.02,848.34,3557
697.41,1307.5,697.41,1307.5,679.52,623.25,580.27,715.31,1498.5,609.48,837.94,3584.5
705.52,1178.2,705.52,1178.2,681,739.13,582.04,481.58,1511.5,608.45,909.71,3585.7
708.23,381.39,708.23,381.39,682.07,839.02,583.31,790.02,1519.6,671.27,712.8,3590.7
711.41,1356.9,711.41,1356.9,682.52,788.3,585.62,803.63,1520.3,574.2,1103.3,3591.9
714.65,1476.5,714.65,1476.5,682.62,822.21,586.74,648.36,1521.7,617.02,782.73,3592.8
715.38,1049.5,715.38,1049.5,685.15,874.13,587.67,659.97,1522,660.67,872.29,3606.8
715.89,1001.3,715.89,1001.3,686.34,847.53,587.84,710.74,1531.9,517.25,696.19,3611.3
719.76,458.5,719.76,458.5,687.87,815.92,588.02,839.19,1539.7,764.61,840.39,3611.9
722.5,1364.9,722.5,1364.9,690.12,816.87,588.42,622.79,1540,866.62,888.76,3616
722.87,871.94,722.87,871.94,691.23,736.51,588.43,716.63,1543.1,736.53,880.3,3616.5
725.64,1339,725.64,1339,691.72,761.73,590.14,785.11,1547.6,628.43,622.32,3635.5
726.57,515.98,726.57,515.98,692.85,801.4,593.22,772.6,1548.2,624.33,754.92,3654.8
726.97,796.81,726.97,796.81,694.67,821.64,593.46,683.76,1549.8,665.65,892.12,3657.2
728.04,1337.6,728.04,1337.6,694.69,887.34,594.72,697.94,1549.9,579.54,951.66,3661.2
731.16,483.22,731.16,483.22,697.12,846.13,595.65,768.39,1554.2,660.94,883.58,3666.8
731.98,1413.9,731.98,1413.9,697.99,727.36,598.66,738.07,1555.8,565.51,845.57,3675.8
733.05,531.36,733.05,531.36,700.03,1071.5,599.51,741.9,1561,691.97,1091.4,3684.7
733.27,1158.4,733.27,1158.4,700.61,820.5,600.24,869.13,1571.3,689.4,772.26,3709.2
734.44,577.37,734.44,577.37,702.63,922.88,600.32,641.04,1572.6,556.85,874.39,3760.6
734.53,578.86,734.53,578.86,702.7,1024.6,602.18,715.35,1580.1,780.87,761.93,3761.3
734.94,1491.7,734.94,1491.7,705.09,768.67,602.72,484.36,1582.6,619.88,933.38,3771
739.04,1377.5,739.04,1377.5,708.56,668.63,604.08,756.38,1604.1,348.66,777.95,3782.3
747.36,1091,747.36,1091,709.64,935.99,604.4,694.87,1607.9,768.21,929.78,3813.6
750.63,2233.1,750.63,2233.1,713.17,902.67,608.11,694.56,1627.6,600.66,1163.7,3838.2
754.55,1245.8,754.55,1245.8,713.39,781.7,609.62,712.43,1628.7,700.02,846.81,3885.1
756.92,1020.8,756.92,1020.8,715.46,874.65,609.64,771.45,1629.8,539.47,704.39,3903.6
758.11,602.3,758.11,602.3,719.02,1035.8,609.84,664.17,1632.4,641.29,962.23,3934.7
760.45,842.77,760.45,842.77,721.94,928.33,610.42,692.35,1632.9,776.78,956.99,3934.8
760.65,655.15,760.65,655.15,724.54,805.8,615.15,702.1,1637.2,613.42,981.49,3941.8
764.89,910.03,764.89,910.03,726.25,882.15,617.65,705,1643.5,647,750.94,3942.9
766.83,852.05,766.83,852.05,727.92,911.94,617.78,732.68,1645.2,630.24,885.32,4015.5
770.6,477.24,770.6,477.24,728.15,916.54,619.71,677.08,1652.7,752.47,936.71,4029.3
771.62,917.98,771.62,917.98,736.54,789.19,623.63,697.41,1653,411.11,1017.1,4067.6
774.32,517.39,774.32,517.39,741.28,870.57,625.64,839.49,1667.7,655.23,1032.8,4072.1
781.86,625.03,781.86,625.03,741.78,808.69,626.06,829.27,1670.7,547.53,697.51,4089.4
783.91,626.07,783.91,626.07,745.66,949.75,626.96,779.96,1674.8,618.82,754.64,4136.1
793.18,1442.2,793.18,1442.2,749.85,640.03,627.14,740.1,1675.2,576.05,1230,4142.6
810.36,1857.6,810.36,1857.6,751.29,1013.7,627.97,729.9,1677.9,716.81,941.51,4152
814.65,1474.4,814.65,1474.4,754.45,956.88,631.02,661.17,1678.7,625.2,888.26,4160.6
814.94,1256.7,814.94,1256.7,755.33,871.86,631.02,763.23,1691.1,622.45,877.05,4179.1
822.2,1449.8,822.2,1449.8,758.35,982.46,632.78,805.92,1703,709.66,1000.1,4189.1
830.26,1213.8,830.26,1213.8,759.52,677.03,632.95,736.84,1712.2,838.67,797.17,4190
835.13,1538.3,835.13,1538.3,760.66,1088.2,634.18,774.14,1712.6,731.57,1029.4,4228
843.3,822.75,843.3,822.75,761.15,883.71,637.2,711.79,1718.8,809.91,1017.1,4252.1
843.97,976.07,843.97,976.07,762.82,933.6,638.62,755.19,1724.8,762.71,1207.7,4265
880.95,1579.5,880.95,1579.5,764.05,635.81,642.1,782.87,1726,721.93,809.88,4341.3
889.89,1096.9,889.89,1096.9,764.4,1010.8,643.78,691.89,1729.9,412.69,899.94,4342.8
894.88,638.7,894.88,638.7,765.47,1098.5,645.26,803.49,1730.6,786.07,870.22,4362
895.3,1700.1,895.3,1700.1,765.74,1041.7,646.44,755.72,1731.5,575.47,798.5,4364.6
895.73,643.07,895.73,643.07,765.88,985.88,647.72,382.15,1740.6,758.04,995.97,4374.6
905.1,785.27,905.1,785.27,767.73,614.02,649,721.68,1745.4,798.15,991.02,4393.6
909.9,2031.6,909.9,2031.6,769.16,886.97,651.37,823.44,1753.1,803.14,1039.9,4449.5
914.53,673.84,914.53,673.84,774,1019.1,652.54,781.97,1763.6,657.82,1056.7,4453.6
916.15,1270.1,916.15,1270.1,777.91,676.61,654.88,712.12,1770.6,540.33,1040.7,4455.4
916.95,986.22,916.95,986.22,778.8,917.53,655.66,748.23,1773.8,713.9,997.25,4460.9
917.54,780.37,917.54,780.37,779.72,1092.1,655.72,832.11,1779.1,596.75,1052.9,4481.7
926.94,1921.2,926.94,1921.2,781.73,1003.9,656.47,720.55,1781.6,988.87,671.28,4544.7
943.16,694.48,943.16,694.48,781.84,968.07,657.31,791.15,1787.4,692.29,1082.8,4580.1
956.2,918.84,956.2,918.84,781.88,768.62,661.26,706.11,1800.1,763.47,1004,4585.9
958.89,921.95,958.89,921.95,783.3,956.03,661.63,795.72,1815.9,648.53,1069.1,4608.3
964.65,539.06,964.65,539.06,789.56,1104,662.53,770,1816.5,667.78,812.06,4612.3
978.09,1594,978.09,1594,789.91,962.32,662.69,705.07,1826.4,711.8,852.79,4626.6
981.55,1723.2,981.55,1723.2,793.6,923.6,663.51,826.68,1828.7,774.11,1042.1,4647.6
988.12,872.76,988.12,872.76,796.36,832.01,664.37,803.91,1830.6,680.41,967.06,4673.2
993.94,1398.2,993.94,1398.2,799.26,908.26,665.52,772.31,1835,796.01,1196.1,4709.3
996.71,941.75,996.71,941.75,805.02,1066.2,666.3,778.5,1842.5,383.36,1020.6,4712.4
1012.9,1848.9,1012.9,1848.9,809.25,836.19,667.2,734.39,1853.2,840.05,1237.5,4715.6
1016.1,1212,1016.1,1212,810.58,995.09,670.17,784.5,1853.7,727.67,1132.9,4751.3
1034.8,1222.6,1034.8,1222.6,810.93,1098.7,670.97,762.37,1855.6,696.9,1136.3,4774.7
1050.5,2035.1,1050.5,2035.1,811.88,1059.1,672.44,768.19,1862,945.03,1135.2,4794.4
1055.3,1191.7,1055.3,1191.7,814.12,1044.6,673.23,880.04,1867.6,932.94,1241,4801.2
1063.2,1899.3,1063.2,1899.3,819.65,925.93,675.08,823.22,1867.8,726.07,1111.2,4808.6
1065.7,1403.5,1065.7,1403.5,821,1059,676.57,842.91,1881.1,497.04,944.06,4902.8
1082.9,1153.2,1082.9,1153.2,822.03,1023.2,677.79,828.84,1883.4,814.51,1231.2,4913.1
1094.1,1291.5,1094.1,1291.5,823.6,1066.9,678.22,806.17,1893,549.14,1153.9,4918.9
1100.8,1803.7,1100.8,1803.7,824.54,1017.5,679.07,909.73,1893.7,873.16,1035.9,4941.4
1106.3,1545.4,1106.3,1545.4,825.77,1029.3,679.63,617.58,1895.3,746.8,1269.8,4941.9
1107.1,1367,1107.1,1367,829.8,1098.7,680.27,695.61,1896.6,814.98,719.37,4990.3
1125.2,399.32,1125.2,399.32,830.66,1189.3,681,728.7,1897.2,898.07,1121.2,5034.2
1128.2,2118.3,1128.2,2118.3,833.35,1152.6,683.12,774.19,1909.2,911.39,1267.3,5090.4
1134.2,1002.4,1134.2,1002.4,834.1,1219.2,683.23,947.15,1909.9,725.2,1200.2,5138.4
1135.6,1231.3,1135.6,1231.3,835.29,1185.7,683.9,863.6,1913.1,867.01,1240.8,5151.3
1136.5,955.63,1136.5,955.63,837.29,942.26,684.63,791.27,1913.9,584.48,1325.2,5171.8
1149.3,1530.8,1149.3,1530.8,837.49,1050.6,685.27,843.68,1915.4,922.88,1042.6,5180.1
1162.4,1566.2,1162.4,1566.2,838.87,1077,688.68,858.2,1922.1,912.35,1148.4,5221.4
1168,1470,1168,1470,841.34,1163.4,692.68,773.19,1932.1,762.14,1254.9,5259.5
1175.4,1225.5,1175.4,1225.5,841.48,915.1,693.18,770.32,1933.7,542.95,814.54,5325.8
1188.6,857.41,1188.6,857.41,842.84,907.08,694.27,913.07,1934.9,890.03,1116.9,5345.2
1202.2,1323.2,1202.2,1323.2,843.93,850.78,695.8,713.94,1935.2,731.75,1003.9,5397.5
1209.7,537.04,1209.7,537.04,845.38,775.59,696.31,917.61,1937,371.14,1374.5,5496.4
1227.9,925.16,1227.9,925.16,853.1,856.9,697.99,831.5,1948.2,490.29,,
1239.9,1371.5,1239.9,1371.5,858.45,1064.4,698.69,901.41,1962.8,925.3,,
1286.5,1087.3,1286.5,1087.3,858.78,1270.6,701.99,861.66,1964.1,733.25,,
1293.4,1429.4,1293.4,1429.4,859.73,1303.2,702.19,899.8,1970.2,863.15,,
1297.7,1558.1,1297.7,1558.1,860.79,1081.1,702.69,898.99,1971.8,707.64,,
1305.2,1336.3,1305.2,1336.3,861.81,1055.2,705.63,825.17,1989.1,703.7,,
1310.9,423.65,1310.9,423.65,866.49,1267.8,706.76,940.03,1993.4,451.8,,
1317.8,1396.9,1317.8,1396.9,868.75,877.6,707.26,845.94,1997.6,516.41,,
1324.4,1600.8,1324.4,1600.8,871.25,985.98,712.21,941.2,2001.6,898.2,,
1337.1,592.1,1337.1,592.1,874.02,744.19,712.39,763.87,2009.8,960.45,,
1338.9,1375.9,1338.9,1375.9,880.07,1077.7,712.58,963.04,2019.5,630.01,,
1344.3,1715.4,1344.3,1715.4,883.05,1321.9,715.56,880.16,2021.8,729.47,,
1346.5,1403.4,1346.5,1403.4,883.89,1022.9,716.81,922.82,2040.4,984.01,,
1360.8,1300.9,1360.8,1300.9,885.57,1091,717.73,833.44,2050.6,750.98,,
1365.8,1680.3,1365.8,1680.3,887.5,1228.7,717.92,783.11,2050.8,844.7,,
1367.5,1921.6,1367.5,1921.6,890.56,1139.9,717.96,845.04,2051.2,765.12,,
1403.8,1688.6,1403.8,1688.6,890.78,929.61,719.26,325.89,2060.9,828.84,,
1411.7,974.78,1411.7,974.78,892.66,886.75,720.88,791.28,2067.1,848.16,,
1428.2,1848.5,1428.2,1848.5,893.17,910.07,723.95,540.14,2077.6,743.06,,
1443.2,1934.8,1443.2,1934.8,895.33,1302.5,724.75,859.48,2085.4,715.84,,
1464.4,2718.6,1464.4,2718.6,896.26,1107.5,724.78,838.87,2087.2,533.16,,
1467.1,1895.3,1467.1,1895.3,898.11,1235.4,726.44,894.29,2099.6,855.05,,
1510.8,1483.1,1510.8,1483.1,901.88,1063.3,727.36,904.75,2103.8,849.7,,
1523.7,2290.1,1523.7,2290.1,902.09,1115.1,729.43,804.07,2105.5,790.26,,
1525.6,2043.3,1525.6,2043.3,902.38,1358.6,730.13,844.45,2112,854.85,,
1540.2,1938.9,1540.2,1938.9,902.86,1085.6,731.35,945.57,2116.4,807,,
1542.9,1609.1,1542.9,1609.1,907.07,905.74,731.82,863.7,2117.4,742.68,,
1559.1,1728.3,1559.1,1728.3,908.16,1249.9,733.61,913.9,2119.8,1207.7,,
1571.8,2556.4,1571.8,2556.4,910.17,1267.7,735.18,922.42,2127.7,922.62,,
1585.7,1235.6,1585.7,1235.6,911.98,1093.8,735.2,825.74,2139.2,766.86,,
1645.5,2326.3,1645.5,2326.3,915.62,1319,738.5,849.05,2144.5,579.9,,
1669,1596.8,1669,1596.8,918.74,1042.9,739.29,779.2,2145.2,1058.4,,
1682.9,1441.3,1682.9,1441.3,927.17,1212.2,739.4,791.19,2156,667.57,,
1704.9,1737.7,1704.9,1737.7,930.93,1132.1,740.23,766.97,2164,828.46,,
1749.5,1244.2,1749.5,1244.2,932.56,1123.4,741.71,821.33,2165.1,912.37,,
1788.2,2044,1788.2,2044,932.91,1157,741.87,909.38,2167.3,1089.1,,
1847.3,1422.9,1847.3,1422.9,933.48,1212.4,744.28,951.46,2180.5,769.5,,
1863.7,3020.1,1863.7,3020.1,938.08,1126,745.12,817.89,2181.3,1553.5,,
1908,3145.9,1908,3145.9,939.41,1169.1,749.44,854.29,2184.4,898.12,,
1934.2,1530.9,1934.2,1530.9,940.03,1309.2,753.33,886.96,2186.7,1573.7,,
1999.3,1763.4,1999.3,1763.4,940.07,1299.7,754.15,914.83,2193.3,844.89,,
2117.2,2007.1,2117.2,2007.1,941.45,1211.3,755.43,972.19,2194.4,1026.8,,
2130,2280.7,2130,2280.7,946.78,1252.7,757.66,897.58,2197.6,930.64,,
2594.7,3667.1,2594.7,3667.1,956.8,1330.7,758.94,957.31,2200.5,1214.9,,
61.635,28.863,,,964.38,1521.6,760.28,979.21,2201,850.43,,
98.332,103.39,,,968.21,1142,760.35,726.91,2208,958.39,,
98.736,124.97,,,968.35,1215.8,764.13,927.63,2210,885.19,,
108.18,116.33,,,969.13,1331.1,765.5,930.66,2210.7,975.69,,
112.36,50.057,,,970.08,1268.8,768.44,940.5,2210.9,778.57,,
115.84,106.8,,,971.15,1472.2,770.01,970.67,2215.9,892.01,,
118.76,125.67,,,973.07,1267.7,772.65,867.17,2236.9,878.14,,
120.68,83.794,,,973.82,1179.9,776.22,891.08,2239,779.51,,
120.75,66.338,,,977.15,1389.6,776.37,946.32,2247.4,958.43,,
121.31,151.02,,,979.13,1145.8,776.91,1007.9,2248.5,935.63,,
126.19,91.679,,,982.63,1094.2,778.81,941.48,2251.8,1049.8,,
136.62,73.271,,,984.22,1176.7,781.32,932.39,2254.7,760.01,,
137.19,216.29,,,985.44,1236.8,781.65,960.17,2258.4,1265.7,,
137.29,137.6,,,985.57,1307.4,783.64,1094.7,2262.1,1102.8,,
138.13,230.55,,,986.56,1109,784.83,913.83,2263.1,876.71,,
139.96,86.166,,,986.8,1388.1,790.09,913.26,2263.7,1185.8,,
142.04,188.29,,,987.95,1370.8,790.48,899.56,2265.4,843.26,,
145.13,131.05,,,988.5,1359.7,792.42,857.34,2269.5,939.98,,
156.11,233.42,,,989.34,1300.7,792.69,946.74,2278.6,590.15,,
158.3,90.68,,,989.5,1150.8,792.74,904.07,2281.2,844.87,,
159.69,189.5,,,992.5,1463.6,793.83,918.19,2281.8,1297.6,,
164.46,494.93,,,992.5,1371.5,799,1169.1,2298.3,710.38,,
168.14,214.36,,,999.52,1289.8,799.51,848.61,2307.7,810.7,,
169.93,160.91,,,1006.6,1461.8,804.95,953.27,2309.3,936.48,,
179.02,792.34,,,1007.5,1474.9,811.96,975.34,2309.6,754.89,,
179.25,125.96,,,1011.6,1102.7,813.18,949.9,2312.5,844.99,,
179.38,123.8,,,1011.6,1338.7,814.37,1124.1,2317.5,843.04,,
181.38,101.73,,,1011.9,1220.5,815.09,1107.5,2323.1,1124.1,,
181.91,73.095,,,1014.6,1216.3,816.68,987.77,2330,529.25,,
183.74,83.957,,,1015.1,1157.5,817.52,983.43,2337,483.06,,
192.21,264.88,,,1015.5,972.72,819.09,1002.7,2337.6,887.6,,
192.24,259.87,,,1016,1003.1,823.3,908.87,2343.2,1159,,
194.71,393.15,,,1016.6,1230.5,824.37,949.22,2347.8,720.23,,
198.6,153.05,,,1019.6,1242.3,824.48,1060.9,2348.2,834.8,,
214.3,1400.7,,,1024.2,1173.4,828.38,968.68,2355.9,1670,,
214.79,360.61,,,1024.4,985.47,828.74,963.48,2361.1,908.59,,
216.36,857.36,,,1027.6,1110.3,829.23,1008.3,2368.9,839.01,,
222.55,240.28,,,1030.6,1338.3,830.09,1006.2,2377.4,1097.8,,
225.23,273.98,,,1031.5,1372.9,831.69,1008.9,2380.4,996.7,,
226.02,123.55,,,1033.4,1442.4,836.39,942.17,2386.4,1242.1,,
226.07,324.67,,,1034.8,1460,838.69,1006.1,2399.3,644.96,,
226.86,493.73,,,1038.7,1138.1,839.33,1090.2,2399.9,843.04,,
228.25,119.09,,,1040.4,982.19,841.5,990.44,2403.7,1141.9,,
229.76,321.11,,,1043.6,1303,842,971.19,2408.3,845.91,,
232.65,427.56,,,1043.6,1349.5,842.5,1122,2408.5,626.23,,
232.75,433.13,,,1043.9,1168.9,848.94,995.01,2436.1,891.66,,
235,127.5,,,1049.7,1301.7,849.89,1013.5,2437.6,1013.9,,
237.48,261.41,,,1051.3,1319.8,850.45,956.63,2456.2,893.5,,
242.87,407.03,,,1051.7,1409.3,850.91,1124.6,2465.9,786.56,,
244.15,397.48,,,1056.5,1282.9,855.26,1223.8,2467.8,1188,,
245.31,923.3,,,1060.1,1501.4,855.96,844.25,2501.2,1310.9,,
247.23,1756.5,,,1060.7,1252.3,857.12,1150.9,2505.5,904.03,,
248.9,347.21,,,1063,1735.8,857.27,1038.7,2507.8,1908.8,,
249.5,229.33,,,1063.4,1297.2,857.94,1026.9,2508.6,1030.5,,
249.5,153.81,,,1063.4,1552.1,862.3,960.49,2512.9,630.39,,
250.51,137.96,,,1073.6,1455.2,864.25,1004.5,2530.1,1039.7,,
250.96,310.97,,,1076.4,1347.7,867.93,1055.7,2531.7,1347.9,,
253.85,500.64,,,1082.1,1157.4,870.23,959.97,2551.8,1051.7,,
254.59,543.56,,,1085.3,922.74,870.69,1110.4,2568.7,901.62,,
255.31,110.16,,,1086.1,1496.2,871.11,1131,2574.7,680.09,,
257.85,672.51,,,1092.3,1579.9,871.32,1035,2583.6,1189.5,,
258.65,281.6,,,1094.7,1376.2,877.62,1003.6,2588.8,928.84,,
258.89,300.21,,,1095,1229.5,878.43,927.54,2590.7,1281.7,,
259.52,348.77,,,1096.5,1574.7,882.43,1033.8,2591.6,939.6,,
259.73,626.53,,,1097.9,1591,883.78,1006,2595.4,1357.1,,
261.62,1478.4,,,1098.3,1250.3,884.32,979.27,2598.4,1255.8,,
263.59,115.76,,,1106.6,1190.3,884.71,1023.6,2600.3,1336.7,,
266.15,410.17,,,1108.1,1505.8,886.56,1019.7,2601.5,789.22,,
266.94,103.89,,,1109.6,1199.9,889.38,1076,2624.1,1900.2,,
268.55,363.85,,,1111.9,1486,890.27,1082.3,2629.7,1021.5,,
269.3,324.76,,,1112.5,1275.6,890.62,1044.6,2638.1,928.15,,
270.34,440.9,,,1115.2,1170.9,890.99,1097.6,2641.6,951.83,,
275.32,485.7,,,1120.2,1651.7,893.48,1101.5,2654.7,964.12,,
281.64,184.72,,,1124.9,1406,893.54,1187.1,2657,1362.4,,
282.75,641.19,,,1127,1382,897.08,1096.6,2659.7,1225.9,,
287.5,293.7,,,1130.1,1245.8,900.91,1135.7,2660.9,974.33,,
288.41,159.83,,,1133.5,1422.4,902.69,906.07,2663.7,1054.3,,
289.06,270.9,,,1135.8,1397.5,909.38,1061.7,2663.8,1151.2,,
289.62,168.45,,,1141.7,1570.8,910.47,1165.8,2664.8,1425.9,,
301.83,364.3,,,1145.3,1447.2,910.48,1012.1,2684.9,923.6,,
305.62,269.13,,,1152.1,1435.6,912.92,1038.9,2686.8,944.03,,
305.71,167.79,,,1157.4,1231.8,914.77,1021.7,2692.8,1155.8,,
310.12,364.13,,,1160.9,1551,916.21,1289.4,2695.9,724.85,,
311.62,380.13,,,1162.5,1403.3,918.86,1109.3,2704.3,998.5,,
317.04,405.18,,,1163.9,1408.4,920.68,1075.8,2716.9,1048.5,,
317.25,1242,,,1168.7,1404.2,921.07,1071.1,2730.6,1134.6,,
333.62,339.19,,,1173.1,1211.1,923.15,1151.2,2746.1,1124.7,,
339.06,306.41,,,1176.6,1393.9,925.57,1112,2763.8,1147.3,,
341.41,303.29,,,1182.5,1230.6,928.68,382.81,2782.8,996.83,,
341.88,349.4,,,1182.9,1683.9,933.58,1193.7,2799.3,1141,,
342.12,254.4,,,1186.4,1655.3,937.5,1073.9,2806.6,1044.8,,
347.23,386.74,,,1190.6,1736.7,937.93,1260.5,2816.1,990.5,,
355.02,818.92,,,1190.6,1563.1,941.16,1062.4,2817.6,750.84,,
355.59,351.05,,,1191.3,1698.6,945.06,1121.7,2835.5,1294.6,,
355.96,330.87,,,1195.5,1663,945.06,1150,2863.9,1032.9,,
356.36,843.51,,,1195.8,1633.8,948.51,1161.9,2866.9,1353.6,,
357.85,325.97,,,1203.3,1444.7,950.99,1072.4,2896.2,1606,,
360.59,351.05,,,1212.8,1294.5,951.13,1152.3,2904.5,1033.5,,
362.51,310.76,,,1219.3,1222.7,952.97,1020.8,2910.3,1035.7,,
363.07,440.38,,,1235.9,1660.8,953.06,1252.2,2912.7,869.63,,
363.46,527.84,,,1240.1,1675.7,955.78,1152.5,2964.9,1205.4,,
367.15,202.13,,,1240.7,1542.7,958.29,1111.4,2965.4,1634.5,,
375.31,289.89,,,1241.4,1415.4,959.44,1212.8,2986.7,899.77,,
375.92,230.09,,,1242.9,1379.4,960.33,1219.6,2986.7,1078.8,,
379,360.23,,,1244.1,1357.4,962.79,1144.6,3000.6,623.37,,
379.7,932.01,,,1246,1451.1,966.9,1041.2,3019,1077.8,,
384.76,864.35,,,1248.1,1445.1,967.31,1095.7,3027.5,1391.3,,
385.31,215.79,,,1248.3,1348.8,969.92,1110.4,3035.9,1122,,
385.91,336.97,,,1249.1,2018.1,974.85,1171,3038.5,1060.9,,
387.04,228.87,,,1251.9,1834,976.13,964.87,3050.2,1208.6,,
389.16,377.75,,,1252.1,1327.3,978.05,1184.3,3051.9,983.97,,
389.95,657.29,,,1254.8,1809.1,980.77,1260.7,3075.9,1435.4,,
395.75,333.37,,,1255.5,1372.4,981,1212.6,3082.2,939.54,,
397.15,393.96,,,1255.7,1362.6,981.13,1201.1,3088.9,1244.5,,
397.17,491.88,,,1256.5,1414.3,981.72,1210.3,3117.7,1083.5,,
398.13,214.38,,,1257.8,1276.1,983.5,1307.3,3123.7,1167.4,,
402.08,432.11,,,1258.5,1549.7,984.67,1013.9,3145,971.45,,
402.37,941.35,,,1259.8,1609.6,984.97,1197.9,3147.5,1280.3,,
407.39,593.13,,,1262.5,1703.1,986.53,948.6,3153,1330.8,,
408.42,334.94,,,1268.3,1564.1,989.45,1237.8,3165.7,1102.9,,
409.54,331.85,,,1270.1,1306.8,989.96,1302.7,3174.6,1244,,
411.15,395.17,,,1287.1,1584.6,992.18,1232.3,3186.9,1328.8,,
412.33,722.64,,,1294.2,1802,995.88,1123,3187,1279.9,,
412.36,440.93,,,1294.3,1990.2,996.3,1166.7,3205.4,949.85,,
414.36,844.75,,,1295.8,1377.5,997.04,1193.5,3265.9,976.57,,
415.51,800.89,,,1303.1,1879.1,997.06,1143.3,3289.4,1430.4,,
415.73,261.55,,,1303.6,1248.9,997.85,1181.3,3289.6,1009.4,,
416.9,221.77,,,1305.1,1447.8,997.98,1142,3290.8,1840.6,,
417.32,267.78,,,1310.2,1909.4,998.03,1223.9,3307.2,1067.7,,
417.9,669.22,,,1312.3,1628.4,1002.4,1162,3319,1005.7,,
422.01,447.07,,,1319.2,1394,1004.3,1267.2,3354.1,857.07,,
423.51,358.71,,,1320.3,1582.5,1005.1,1251.3,3356.4,1003,,
425.98,343.81,,,1322.1,1789.8,1005.5,1387.2,3382,1391.4,,
428.47,284.12,,,1324.6,1677.4,1005.8,1167.1,3383.3,1296.9,,
436.19,352.81,,,1336.9,1676.2,1009.9,1112.7,3392.2,1110.3,,
442.6,590.37,,,1337.1,1667.5,1017.4,1098.1,3400.4,1075.1,,
442.96,1017.5,,,1339.3,1727.1,1017.5,1173.8,3403,1557.6,,
446.61,1559.5,,,1342,1230.6,1019.1,1232.5,3410.7,1564.8,,
447.5,743.36,,,1342.9,1717.9,1021.2,1219.4,3416.8,1430.5,,
451.57,473.87,,,1343.5,1407,1022.3,1276.3,3416.8,1289.5,,
452.27,289.86,,,1343.7,1233.5,1022.7,1190.4,3417.9,1121.4,,
455.94,1932.4,,,1345.8,1439.6,1025.9,1096.9,3439.2,1239.9,,
456.72,346.73,,,1348.3,1477.6,1026.7,1198.5,3445.6,1418.9,,
458.11,518.2,,,1359.3,1430.6,1033.6,1323.3,3462.3,1546.2,,
458.41,245.09,,,1361.3,1580.2,1034,1030.2,3479,1415.2,,
458.63,638.1,,,1365.2,1844.1,1041.1,1445.1,3486.9,1804.9,,
468.03,1031.5,,,1376,1864.1,1042.9,1320.8,3490.1,1509.2,,
469.29,485.57,,,1379.8,1708.4,1043.1,1138.5,3495,1483.2,,
472.66,584.89,,,1402.4,2413.2,1043.3,1273.9,3503.4,1540.9,,
475.04,585.35,,,1404.1,1451.8,1044.9,1357.6,3511.2,1405.7,,
477.53,403.65,,,1412.2,1938.4,1046.6,1072.9,3594.8,1035.8,,
480.12,676.65,,,1419.2,1622.7,1048.3,1169.1,3596.9,1473.2,,
481.68,432.46,,,1420.6,1601.7,1052,1114.2,3598.6,938.09,,
483.97,727.95,,,1422.4,1646.8,1055.1,1254,3620.3,1792.5,,
485.52,530.11,,,1424.9,1902.8,1055.2,1263.4,3668.1,1101.6,,
488.33,1314.2,,,1426,1946.2,1056.5,1413.7,3682.2,1603.9,,
489.68,778.1,,,1426.5,1664.9,1058,1264.9,3699.3,1348.2,,
491.39,306.77,,,1433.8,1723.5,1063.5,1224.9,3787.2,1463.6,,
494.31,397.91,,,1436,1560.3,1064.4,1259.8,3822.5,1724.4,,
497.88,732.73,,,1437.6,1816.9,1066.7,988.1,,,,
498.02,749.76,,,1442.6,2098.4,1078.3,1270.9,,,,
498.21,1363.6,,,1451.5,1759.6,1079.7,1312.3,,,,
498.34,866.86,,,1454.4,1855,1086.6,1206.5,,,,
501.51,894.43,,,1460.5,1850.3,1087,1350.8,,,,
501.56,335.6,,,1461.1,1925.1,1087.7,1261.1,,,,
512.76,500.72,,,1474,1779.5,1088.2,1307.3,,,,
515.53,283.4,,,1477.5,1825.5,1094.4,1326.2,,,,
521.14,736.53,,,1478.6,1541.2,1094.7,1359.4,,,,
523.26,418.98,,,1478.8,2025.3,1097,1342.5,,,,
523.91,528.49,,,1482.5,1732,1099,1273.8,,,,
524.69,456.01,,,1503.7,1492.1,1099.8,1257.4,,,,
531.8,527.65,,,1511.6,1603,1101.3,1353.9,,,,
532.48,783.29,,,1538.7,1811.3,1103.6,1167.8,,,,
533.34,589.01,,,1542,2384.8,1103.7,1401.9,,,,
533.83,729.37,,,1556.4,1666.4,1104.9,1367.1,,,,
534.5,849.9,,,1561.5,1624.4,1107.1,1449.3,,,,
535.43,525.88,,,1563.3,1175.3,1112.2,1380.2,,,,
538.95,168.14,,,1569.3,2403.2,1121.9,1475.3,,,,
542.24,464.17,,,1570.5,1897.3,1123.3,1487.6,,,,
550.86,653.26,,,1570.8,1554.6,1125.1,1324.2,,,,
554.25,311.37,,,1603.7,1989.5,1126.7,1001.6,,,,
555.64,408.9,,,1613.5,2153.9,1127.4,1595.8,,,,
556.58,498.01,,,1629.8,2378.7,1128.7,1412.7,,,,
563.65,1057.2,,,1633,2092.1,1129.2,1333.2,,,,
570.77,454.16,,,1634.9,1928.3,1130,1372.1,,,,
571.19,495.38,,,1635.9,2182.1,1130.2,1313.2,,,,
571.28,433.48,,,1638.1,1599.9,1134.1,1687.8,,,,
572.33,639.11,,,1638.7,1980.2,1141.5,1473.8,,,,
573,357.87,,,1643.1,1727.4,1144.5,1224.3,,,,
579.01,632.24,,,1647.4,2234.7,1146.3,1350.6,,,,
582.14,691.05,,,1661.9,1708.7,1149.4,1480.2,,,,
582.43,1152.7,,,1675.6,2274.9,1151,1458.2,,,,
583.59,823.9,,,1682.9,2439.9,1153.8,1331.5,,,,
588.16,1042.1,,,1689.1,1468.2,1156.9,1235.8,,,,
588.43,925.39,,,1696.1,1579.1,1162.5,1297.1,,,,
588.6,590.65,,,1700.2,1512.2,1163.5,1376.4,,,,
594.03,1780.9,,,1702.5,2102.1,1167.2,1508.7,,,,
598.97,690.32,,,1702.9,2269.4,1167.2,1299.8,,,,
600.72,1629.9,,,1709.3,2109.4,1167.2,1240.2,,,,
605.47,503.19,,,1709.9,1863.9,1167.5,1377.9,,,,
606.08,486.53,,,1721.1,2681.5,1169.2,1335.6,,,,
606.44,411.44,,,1723.6,2281.7,1170.1,1172.7,,,,
609.75,490.39,,,1726.7,2248.8,1170.8,1343.2,,,,
613.81,965.82,,,1728.5,2120.8,1173.5,1384.7,,,,
617.59,987.31,,,1746.1,2383.1,1174.9,1519,,,,
617.8,1013.6,,,1751.8,2280.5,1179.1,1505.6,,,,
620.38,1141.1,,,1761.7,2406,1181.2,1410.2,,,,
622.61,917.84,,,1763.8,2509.4,1181.6,1355.8,,,,
623,478.06,,,1766.2,2409.5,1182.7,1492.1,,,,
629.93,969.52,,,1766.9,2077.7,1183.5,1437.3,,,,
630.01,1031.3,,,1767.7,2143,1185.1,1451.5,,,,
630.28,774.75,,,1785.2,2268,1187.7,1319.7,,,,
630.43,998.97,,,1791.2,2511.8,1192.1,1416.7,,,,
636.42,832.34,,,1794,2157.5,1198.8,1272.9,,,,
637.03,840.74,,,1797.6,1835.1,1199.6,1113.8,,,,
637.78,497.75,,,1816.8,2431.5,1206.3,1457.2,,,,
649.3,787.83,,,1818.5,2346.4,1208.8,1364.9,,,,
651.91,195.76,,,1853.3,2602.3,1212.8,1424.7,,,,
654.49,697.64,,,1860.2,2426.4,1214.5,1371.2,,,,
664.36,840.45,,,1902.1,2101,1216.6,1394,,,,
667.18,433.7,,,1912.6,2849,1220.3,1411.6,,,,
677.16,716.51,,,1918.5,2012.5,1220.6,1645.7,,,,
678.47,633.14,,,1919.4,2606.5,1224.1,1419.7,,,,
681.67,937.8,,,1922.6,2889.3,1228.5,1678,,,,
687.71,401.23,,,1925.2,2733.8,1231.1,1441.1,,,,
688.31,761.77,,,1942.8,2509.8,1233.7,1586.3,,,,
690.51,1001.1,,,1947.7,2849.2,1236.9,1394,,,,
691,949.81,,,1947.9,2084.5,1240.3,1580,,,,
716.85,510.54,,,1961.2,2455.7,1248.1,1309.6,,,,
718.93,361.9,,,1966.1,2501.8,1250.6,1440.3,,,,
719.36,728.35,,,1970,2674.7,1250.9,1427.2,,,,
719.97,326.01,,,2001.1,2737.4,1251.1,1435.8,,,,
730.23,449.8,,,2011.1,2854.3,1257.4,1454.7,,,,
736.23,1279,,,2054.2,1960.8,1258.2,1461.5,,,,
742.68,723.25,,,2083.6,2511,1259.2,1496.5,,,,
743.96,566.44,,,2085.7,2449.9,1263.3,1295.7,,,,
743.99,2523.8,,,2104.9,2227.3,1265,1489,,,,
746.83,461.41,,,2133.7,3031.7,1268.6,1408.1,,,,
758.55,189.47,,,2161.7,1816.8,1269.1,1527.2,,,,
760.96,821.22,,,2191.1,3074.2,1274.7,1788.8,,,,
765,904.6,,,2197.1,3121.5,1277.4,1541.4,,,,
766.81,198.4,,,2199.7,2212.5,1278,1490.8,,,,
774.37,845.74,,,2205.9,2274.3,1280.7,1554.7,,,,
777.41,789.76,,,2212.7,2814.5,1282.9,1416.5,,,,
786.17,1317.9,,,2215.5,3216.9,1284.4,1563.5,,,,
787.13,1454.5,,,2221.1,1948.1,1285.8,1540.2,,,,
794.32,1038.6,,,2245.9,3358.5,1287.7,1475.1,,,,
795.25,285.76,,,2252.2,3159.7,1289.5,1151.8,,,,
799.4,663.19,,,2318.1,1807.4,1290.9,1426.8,,,,
804.15,368.76,,,2320.9,3181.5,1291.7,1543.3,,,,
806.16,952.37,,,2326,2948.9,1295.5,1446.6,,,,
808.93,882.49,,,2344.4,3416.7,1297.1,1517.7,,,,
817.34,961.99,,,2352.3,3012.9,1300.8,1614.5,,,,
820.88,927.07,,,2356.5,2426.8,1301.7,1473.4,,,,
821.68,1145,,,2359.1,2772.3,1303.4,1567.1,,,,
826.7,1050.3,,,2395.2,3454.6,1303.9,1416.8,,,,
831.4,1010.2,,,2413.1,3325.1,1309.9,1676.4,,,,
833.04,1188.7,,,2413.9,2866.2,1311.8,1505.2,,,,
836.24,1002.8,,,2417.9,2964.2,1318.8,1284.4,,,,
838.47,720.18,,,2425.8,2917.1,1325,1518.6,,,,
839.07,1798.2,,,2436.3,2240,1326.6,1557,,,,
842.26,721.5,,,2449.2,3206.3,1332.8,1715.1,,,,
844.3,408.99,,,2456.8,3380.9,1337.4,1513,,,,
845.29,988.43,,,2465.9,2913.1,1341.6,1712.7,,,,
846.35,550.09,,,2471.6,3237.6,1345.1,1432.9,,,,
849.72,1181.1,,,2530.5,2919.8,1345.5,1610.3,,,,
849.94,1059.6,,,2581.8,3169,1349.4,1528.3,,,,
853.91,377.64,,,2593.6,3344.8,1352.8,1632.8,,,,
865.07,636.5,,,2608.4,3794.7,1354.1,1621.7,,,,
865.98,1184.2,,,2637.3,3223.8,1355.4,1852.6,,,,
876.07,1434.3,,,2645.2,3573.2,1357.7,1376.5,,,,
880.21,750.2,,,2715.3,3228.3,1366.4,1461.8,,,,
880.37,748.71,,,2741.1,2459.7,1366.6,1591.5,,,,
882.44,2320,,,2744.3,3678.3,1366.7,1600.9,,,,
899.29,803.83,,,2768.9,3557.5,1367.8,1396.8,,,,
901.3,1658.7,,,2814.2,4201.4,1375.1,1704.1,,,,
902.76,2454.8,,,2839.7,3797.7,1375.6,1627,,,,
908.19,1439.1,,,2839.8,3562.6,1376.1,1566.6,,,,
916,1047,,,2880.3,3857.9,1383.2,1422.3,,,,
920.11,1120.1,,,2950.4,3334.9,1383.4,1626.2,,,,
925.09,1315.6,,,2950.6,3227.2,1388.8,1649.7,,,,
936.82,1220.1,,,3066.1,3961.4,1391.4,1738.6,,,,
938.43,524.94,,,3095.2,4803.9,1393.5,1676,,,,
940.96,920.35,,,3162.7,3798,1398.3,1668.7,,,,
949.69,1143.8,,,3170,4682,1400.3,1704.4,,,,
953.09,940.6,,,3174.8,3843.3,1402.4,1906.1,,,,
961.49,1817.7,,,3188,3804.5,1403.8,1548.9,,,,
967.05,1245.1,,,3336.2,3881.3,1404.3,1421.3,,,,
972.93,915.36,,,3403.7,4481.3,1405.3,1380.9,,,,
981.1,1812.5,,,3616.1,4310.1,1405.4,1637.4,,,,
983.52,1577.2,,,3688.9,5167.1,1405.4,1919.7,,,,
1016.7,2107.7,,,,,1406.3,1571.9,,,,
1022.3,1423.2,,,,,1407.6,1848.4,,,,
1030.7,729.71,,,,,1408.1,1682.5,,,,
1034.7,1302.6,,,,,1411.5,1676,,,,
1043.5,1282.4,,,,,1411.9,1452.5,,,,
1060.1,1228.1,,,,,1412.6,1698.8,,,,
1060.3,2420.9,,,,,1414.2,1696.3,,,,
1073.4,948.58,,,,,1416.9,1886.6,,,,
1083.6,873.39,,,,,1417,1676.3,,,,
1083.9,1153,,,,,1418.3,1733.5,,,,
1085.1,2443.8,,,,,1418.6,1583.6,,,,
1092.6,1318.6,,,,,1420.6,1660.8,,,,
1098.3,1137.2,,,,,1424.6,1763,,,,
1098.6,970.26,,,,,1428.4,1566.9,,,,
1107.5,1107.2,,,,,1430.6,1611.6,,,,
1120.2,2353.5,,,,,1436.6,1702.3,,,,
1141.4,1339.6,,,,,1448.8,1661,,,,
1155.9,1604,,,,,1451,1724.7,,,,
1158.4,1423.8,,,,,1451.6,1607.1,,,,
1159.8,2143.5,,,,,1452.2,1680.9,,,,
1163.5,1634.4,,,,,1452.6,1752.1,,,,
1179.8,2132.5,,,,,1454,1619.5,,,,
1184.9,327.39,,,,,1455.7,1877.2,,,,
1198.2,309.93,,,,,1456.3,1686.8,,,,
1200.3,5638.1,,,,,1457.6,1616,,,,
1206.9,1514.2,,,,,1463.3,1353.7,,,,
1216,1173.5,,,,,1465,1654.9,,,,
1229.2,2264.2,,,,,1471.9,1957.2,,,,
1241.7,1656,,,,,1473.4,1657.3,,,,
1243.4,1480.4,,,,,1475.2,1783,,,,
1246.8,859.66,,,,,1475.2,1814.4,,,,
1281.2,1588.9,,,,,1478.1,1870,,,,
1284.5,1257.5,,,,,1478.4,1801.5,,,,
1309.2,1268.4,,,,,1479,1518.6,,,,
1312.5,2875.3,,,,,1480,1635.7,,,,
1351.5,1837.3,,,,,1480.1,1689.2,,,,
1351.6,1709.9,,,,,1492.1,1916.3,,,,
1359.7,1547.5,,,,,1498,1702,,,,
1380.6,2455.8,,,,,1509.3,1808.2,,,,
1382.3,704.97,,,,,1511.3,1751.4,,,,
1384.8,2367.4,,,,,1517.6,1852.9,,,,
1387.6,2507.7,,,,,1526.6,1751.6,,,,
1390.9,1541.7,,,,,1527.3,1879.8,,,,
1393.3,1345.8,,,,,1528.3,1870,,,,
1404.5,822.27,,,,,1528.8,1917.1,,,,
1432.7,3642.4,,,,,1532.9,1457.5,,,,
1437,3864.1,,,,,1533.2,1929.2,,,,
1472.3,1206.2,,,,,1533.2,1805.4,,,,
1487.4,2572.2,,,,,1537.8,1715.3,,,,
1489.9,1586.5,,,,,1541.2,2032.7,,,,
1523.2,1303.7,,,,,1543.8,1894.1,,,,
1549.6,4069.6,,,,,1544.6,1720.4,,,,
1554.6,1106.7,,,,,1548.9,1781,,,,
1588.7,1983.3,,,,,1553.9,1913.4,,,,
1595.8,2163.2,,,,,1556.4,2009.9,,,,
1625.9,1890.3,,,,,1558.5,1823.4,,,,
1640.6,1572.6,,,,,1559,1684.1,,,,
1711.9,631.34,,,,,1560.7,1592.3,,,,
1724.8,2133.2,,,,,1564.3,1649.6,,,,
1747.4,2186.3,,,,,1566.7,1943.1,,,,
1766.6,4577.2,,,,,1566.8,1896.8,,,,
1777.1,2291.9,,,,,1567.1,1977.5,,,,
1795.4,2106.2,,,,,1571.8,2074.2,,,,
1805.7,2679.1,,,,,1573.4,1966.7,,,,
1814.6,1295.9,,,,,1576.6,1899.2,,,,
1825.7,631.98,,,,,1580.2,1790.6,,,,
1849,2991.6,,,,,1582.4,1801.6,,,,
1867.8,2423.7,,,,,1583.8,2067.6,,,,
1905,309.53,,,,,1587.1,1739,,,,
1908,1836.3,,,,,1591.5,1893.9,,,,
1912.3,3563.2,,,,,1600.4,1737.9,,,,
1915.6,2312.1,,,,,1603.9,1800,,,,
1920.1,3842.6,,,,,1604.4,1818.4,,,,
1944.9,1769.8,,,,,1606.4,1940.8,,,,
1954.8,2977.1,,,,,1612.4,1902,,,,
2008,827.34,,,,,1613.4,1900.9,,,,
2010.4,2576.1,,,,,1616.8,1514.1,,,,
2023,3085.6,,,,,1619.2,1839.8,,,,
2033.5,1956.3,,,,,1620.8,1863.8,,,,
2042.7,4652.2,,,,,1622,2097.8,,,,
2070.5,2002.5,,,,,1622.7,1854.5,,,,
2089.4,3296.3,,,,,1629.6,2035,,,,
2121,5200.7,,,,,1635,1917.9,,,,
2130.6,3237.7,,,,,1649.6,1898.6,,,,
2144.2,2574.3,,,,,1650.3,1589.2,,,,
2157.3,2155.6,,,,,1650.4,1697.4,,,,
2253.8,3066,,,,,1653.4,1587.7,,,,
2255.3,2697.2,,,,,1653.8,2112.4,,,,
2278.5,630.73,,,,,1654.2,2150.2,,,,
2294.4,2292,,,,,1654.8,1941.5,,,,
2335,3414.8,,,,,1661.2,2104.5,,,,
2337.4,3191,,,,,1662.1,2200.3,,,,
2338.5,1064.3,,,,,1665,1956,,,,
2357.3,1558,,,,,1670.4,2293.8,,,,
2609,3728.9,,,,,1679,1947.6,,,,
2689.8,566.72,,,,,1689.7,2051.4,,,,
2788.6,1519.3,,,,,1690.2,1951.1,,,,
2805.9,1328.5,,,,,1690.9,2128.3,,,,
2865.7,1618.1,,,,,1691.9,1946.5,,,,
2947.7,688.96,,,,,1692.5,2041.9,,,,
2951.1,1062.2,,,,,1693.7,2079.5,,,,
3202.6,5771.4,,,,,1693.8,1633.7,,,,
3236.5,1105.8,,,,,1698.2,2064.8,,,,
3439.7,1246.9,,,,,1702.5,2039.3,,,,
4175,1135.9,,,,,1705.4,2000.7,,,,
,,,,,,1706.9,1854.2,,,,
,,,,,,1708.5,2156,,,,
,,,,,,1709.9,2071.1,,,,
,,,,,,1713.7,2176,,,,
,,,,,,1717.5,1878.9,,,,
,,,,,,1718.8,2291.6,,,,
,,,,,,1723.9,2128.5,,,,
,,,,,,1726.2,1924.7,,,,
,,,,,,1731,1965,,,,
,,,,,,1731.4,1864.2,,,,
,,,,,,1732.8,1955.8,,,,
,,,,,,1745.7,2059.8,,,,
,,,,,,1747.2,2122.2,,,,
,,,,,,1766.8,2196.2,,,,
,,,,,,1778.4,2329.4,,,,
,,,,,,1783.5,1497.6,,,,
,,,,,,1811.3,2261.2,,,,
,,,,,,1817.9,2197.5,,,,
,,,,,,1819.8,2304.2,,,,
,,,,,,1827.1,2280,,,,
,,,,,,1832.8,2366.7,,,,
,,,,,,1852.7,2196.1,,,,
,,,,,,1868.6,2229.4,,,,
,,,,,,1872,2191.2,,,,
,,,,,,1872.2,2277.5,,,,
,,,,,,1874.5,2046.9,,,,
,,,,,,1896.6,2263.3,,,,
,,,,,,1896.9,2278.6,,,,
,,,,,,1899.1,2373.9,,,,
,,,,,,1902.5,2121.8,,,,
,,,,,,1904.3,2358.5,,,,
,,,,,,1905.1,2247.9,,,,
,,,,,,1917.8,1660.2,,,,
,,,,,,1920.1,2269,,,,
,,,,,,1926,2039.3,,,,
,,,,,,1932.9,2228.9,,,,
,,,,,,1944.1,2591.9,,,,
,,,,,,1951.5,2214.6,,,,
,,,,,,1972,2361,,,,
,,,,,,1977.9,2206.8,,,,
,,,,,,1979.5,2331.3,,,,
,,,,,,1991.3,2573.6,,,,
,,,,,,1996,2188.5,,,,
,,,,,,2026.6,2444.4,,,,
,,,,,,2029.6,1762.1,,,,
,,,,,,2032.3,2334.4,,,,
,,,,,,2051.5,2496.7,,,,
,,,,,,2077.8,2709.4,,,,
,,,,,,2095.7,2442,,,,
,,,,,,2115.9,2791.6,,,,
,,,,,,2117.3,2350.9,,,,
,,,,,,2122.5,2497.2,,,,
,,,,,,2124.3,2444,,,,
,,,,,,2143.3,2474.2,,,,
,,,,,,2146.9,2664.5,,,,
,,,,,,2148.6,2336.4,,,,
,,,,,,2156,1918,,,,
,,,,,,2163.5,2808.9,,,,
,,,,,,2164.9,2454.5,,,,
,,,,,,2175.7,2761.6,,,,
,,,,,,2176.9,2457.9,,,,
,,,,,,2179.5,2671.7,,,,
,,,,,,2185.9,2337.8,,,,
,,,,,,2205,2476.1,,,,
,,,,,,2208.3,3033,,,,
,,,,,,2220.9,2562.9,,,,
,,,,,,2223.6,2062.7,,,,
,,,,,,2245.6,2476.2,,,,
,,,,,,2264,2706.9,,,,
,,,,,,2272.8,2422.8,,,,
,,,,,,2296,2521.7,,,,
,,,,,,2303.6,2709.5,,,,
,,,,,,2303.6,2810,,,,
,,,,,,2315.7,2677.8,,,,
,,,,,,2335,2939.5,,,,
,,,,,,2338.4,2859.6,,,,
,,,,,,2342.9,2841.6,,,,
,,,,,,2344.5,3252,,,,
,,,,,,2353.7,2711.4,,,,
,,,,,,2363.5,2635.7,,,,
,,,,,,2366.8,2643.1,,,,
,,,,,,2369.9,2374.5,,,,
,,,,,,2380.5,2204.1,,,,
,,,,,,2400.1,2854.2,,,,
,,,,,,2417.8,2674.2,,,,
,,,,,,2428.8,2903.1,,,,
,,,,,,2454.8,2872.4,,,,
,,,,,,2469.9,3153.4,,,,
,,,,,,2475.9,3020.1,,,,
,,,,,,2549.9,3318.5,,,,
,,,,,,2554,3220.5,,,,
,,,,,,2555.3,2907.5,,,,
,,,,,,2572.3,3233.8,,,,
,,,,,,2606.4,2968.4,,,,
,,,,,,2612.8,3503,,,,
,,,,,,2637,3048.2,,,,
,,,,,,2694.8,2396.7,,,,
,,,,,,2699.2,3135.6,,,,
,,,,,,2741,3460.2,,,,
,,,,,,2950.6,3218.4,,,,
,,,,,,3017.4,3648.4,,,,
,,,,,,3089.4,3617.7,,,,
,,,,,,3096.3,3551.6,,,,
,,,,,,3524.3,3967.5,,,,
,,,,,,3740.7,4130.1,,,,
,,,,,,4174.9,4904.7,,,,